  SYNC    include/config/auto.conf.cmd
  HOSTCC  scripts/selinux/genheaders/genheaders
  DESCEND objtool
  HOSTCC  scripts/selinux/mdp/mdp
  INSTALL libsubcmd_headers
  CC      scripts/mod/empty.o
  CC      scripts/mod/devicetable-offsets.s
  MKELF   scripts/mod/elfconfig.h
  HOSTCC  scripts/mod/modpost.o
  HOSTCC  scripts/mod/sumversion.o
  HOSTCC  scripts/mod/symsearch.o
  HOSTCC  scripts/mod/file2alias.o
  HOSTLD  scripts/mod/modpost
  CC      kernel/bounds.s
  CC      arch/x86/kernel/asm-offsets.s
  CALL    scripts/checksyscalls.sh
  GEN     scripts/gdb/linux/constants.py
  CC      init/main.o
  CC      init/do_mounts.o
  CC      init/do_mounts_initrd.o
  CC      arch/x86/coco/core.o
  CC      init/initramfs.o
  CC      arch/x86/coco/tdx/tdx.o
  CC      init/calibrate.o
  CC      arch/x86/coco/tdx/tdx-shared.o
  CC      init/init_task.o
  AS      arch/x86/coco/tdx/tdcall.o
  AR      arch/x86/coco/tdx/built-in.a
  CC      arch/x86/coco/sev/core.o
  CC      init/version.o
  AR      init/built-in.a
  CC      kernel/fork.o
  AR      arch/x86/coco/sev/built-in.a
  AR      arch/x86/coco/built-in.a
  AS      arch/x86/entry/entry.o
  AS      arch/x86/entry/entry_64.o
  CC      arch/x86/entry/syscall_64.o
  CC      arch/x86/entry/common.o
  CC      kernel/exec_domain.o
  CC      arch/x86/entry/vdso/vma.o
  CC      kernel/panic.o
  CC      arch/x86/entry/vdso/extable.o
  LDS     arch/x86/entry/vdso/vdso.lds
  CC      arch/x86/entry/vdso/vclock_gettime.o
  CC      kernel/cpu.o
  CC      arch/x86/entry/vdso/vgetcpu.o
  CC      arch/x86/entry/vdso/vgetrandom.o
  AS      arch/x86/entry/vdso/vgetrandom-chacha.o
  AS      arch/x86/entry/vdso/vsgx.o
  LDS     arch/x86/entry/vdso/vdso32/vdso32.lds
  AS      arch/x86/entry/vdso/vdso32/system_call.o
  AS      arch/x86/entry/vdso/vdso32/sigreturn.o
  CC      arch/x86/entry/vdso/vdso32/vclock_gettime.o
  CC      arch/x86/entry/vdso/vdso32/vgetcpu.o
  CC      arch/x86/entry/vdso/vdso32-setup.o
  VDSO    arch/x86/entry/vdso/vdso64.so.dbg
  VDSO    arch/x86/entry/vdso/vdso32.so.dbg
  OBJCOPY arch/x86/entry/vdso/vdso64.so
  OBJCOPY arch/x86/entry/vdso/vdso32.so
  VDSO2C  arch/x86/entry/vdso/vdso-image-64.c
  VDSO2C  arch/x86/entry/vdso/vdso-image-32.c
  CC      arch/x86/entry/vdso/vdso-image-64.o
  CC      arch/x86/entry/vdso/vdso-image-32.o
  CC      kernel/exit.o
  AR      arch/x86/entry/vdso/built-in.a
  CC      arch/x86/entry/vsyscall/vsyscall_64.o
  AS      arch/x86/entry/vsyscall/vsyscall_emu_64.o
  AR      arch/x86/entry/vsyscall/built-in.a
  AS      arch/x86/entry/thunk.o
  AS      arch/x86/entry/entry_64_fred.o
  CC      arch/x86/entry/entry_fred.o
  CC      kernel/softirq.o
  AS      arch/x86/entry/entry_64_compat.o
  CC      arch/x86/entry/syscall_32.o
  AR      arch/x86/entry/built-in.a
  CC      arch/x86/events/core.o
  CC      kernel/resource.o
  CC      kernel/sysctl.o
  CC      arch/x86/events/probe.o
  CC      arch/x86/events/utils.o
  CC      arch/x86/events/amd/core.o
  CC      kernel/capability.o
  CC      kernel/ptrace.o
  CC      arch/x86/events/amd/lbr.o
  CC      arch/x86/events/amd/brs.o
  CC      kernel/user.o
  CC      arch/x86/events/amd/ibs.o
  CC      kernel/signal.o
  CC      arch/x86/events/amd/iommu.o
  AR      arch/x86/events/amd/built-in.a
  CC      arch/x86/events/msr.o
  CC      kernel/sys.o
  CC      arch/x86/events/intel/core.o
  CC      kernel/umh.o
  CC      arch/x86/events/intel/bts.o
  CC      arch/x86/events/intel/ds.o
  CC      kernel/workqueue.o
  CC      arch/x86/events/intel/knc.o
  CC      arch/x86/events/intel/lbr.o
  CC      arch/x86/events/intel/p4.o
  CC      kernel/pid.o
  CC      arch/x86/events/intel/p6.o
  CC      arch/x86/events/intel/pt.o
  CC      kernel/task_work.o
  CC      kernel/extable.o
  CC      arch/x86/events/intel/uncore.o
  CC      kernel/params.o
  CC      arch/x86/events/intel/uncore_nhmex.o
  CC      kernel/kthread.o
  CC      arch/x86/events/intel/uncore_snb.o
  CC      kernel/sys_ni.o
  CC      arch/x86/events/intel/uncore_snbep.o
  CC      kernel/nsproxy.o
  CC      kernel/notifier.o
  CC      arch/x86/events/intel/uncore_discovery.o
  CC      kernel/ksysfs.o
  AR      arch/x86/events/intel/built-in.a
  CC      arch/x86/events/zhaoxin/core.o
  CC      kernel/cred.o
  AR      arch/x86/events/zhaoxin/built-in.a
  CC [M]  arch/x86/events/rapl.o
  CC      kernel/reboot.o
  AR      arch/x86/events/built-in.a
  CC      arch/x86/xen/enlighten.o
  CC      kernel/async.o
  CC      arch/x86/xen/mmu.o
  CC      kernel/range.o
  CC      kernel/smpboot.o
  CC      arch/x86/xen/time.o
  CC      kernel/ucount.o
  CC      arch/x86/xen/grant-table.o
  CC      kernel/regset.o
  CC      kernel/ksyms_common.o
  CC      arch/x86/xen/suspend.o
  CC      kernel/groups.o
  CC      arch/x86/xen/enlighten_hvm.o
  CC      kernel/sched/core.o
  CC      arch/x86/xen/mmu_hvm.o
  CC      arch/x86/xen/suspend_hvm.o
  CC      arch/x86/xen/platform-pci-unplug.o
  CC      arch/x86/xen/setup.o
  CC      arch/x86/xen/apic.o
  CC      arch/x86/xen/pmu.o
  CC      arch/x86/xen/suspend_pv.o
  CC      arch/x86/xen/p2m.o
  CC      kernel/sched/fair.o
  CC      arch/x86/xen/enlighten_pv.o
  CC      arch/x86/xen/mmu_pv.o
  CC      arch/x86/xen/irq.o
  CC      arch/x86/xen/multicalls.o
  AS      arch/x86/xen/xen-asm.o
  CC      arch/x86/xen/enlighten_pvh.o
  CC      kernel/sched/build_policy.o
  CC      arch/x86/xen/trace.o
  CC      arch/x86/xen/smp.o
  CC      arch/x86/xen/smp_pv.o
  CC      arch/x86/xen/smp_hvm.o
  CC      arch/x86/xen/spinlock.o
  CC      arch/x86/xen/vga.o
  CC      kernel/sched/build_utility.o
  CC      arch/x86/xen/efi.o
  AR      arch/x86/xen/built-in.a
  CC      arch/x86/platform/pvh/enlighten.o
  AS      arch/x86/platform/pvh/head.o
  AR      arch/x86/platform/pvh/built-in.a
  CC      arch/x86/realmode/init.o
  AS      arch/x86/realmode/rm/header.o
  AS      arch/x86/realmode/rm/trampoline_64.o
  AS      arch/x86/realmode/rm/stack.o
  AS      arch/x86/realmode/rm/reboot.o
  AS      arch/x86/realmode/rm/wakeup_asm.o
  CC      arch/x86/realmode/rm/wakemain.o
  CC      arch/x86/realmode/rm/video-mode.o
  AS      arch/x86/realmode/rm/copy.o
  CC      arch/x86/realmode/rm/regs.o
  CC      arch/x86/realmode/rm/video-vga.o
  CC      arch/x86/realmode/rm/video-vesa.o
  CC      arch/x86/realmode/rm/video-bios.o
  PASYMS  arch/x86/realmode/rm/pasyms.h
  LDS     arch/x86/realmode/rm/realmode.lds
  LD      arch/x86/realmode/rm/realmode.elf
  RELOCS  arch/x86/realmode/rm/realmode.relocs
  OBJCOPY arch/x86/realmode/rm/realmode.bin
  AS      arch/x86/realmode/rmpiggy.o
  AR      arch/x86/realmode/built-in.a
  LDS     arch/x86/kernel/vmlinux.lds
  AS      arch/x86/kernel/head_64.o
  CC      arch/x86/kernel/head64.o
  CC      arch/x86/kernel/ebda.o
  CC      arch/x86/kernel/platform-quirks.o
  CC      arch/x86/kernel/process_64.o
  AR      kernel/sched/built-in.a
  CC      kernel/locking/mutex.o
  CC      arch/x86/kernel/signal.o
  CC      arch/x86/kernel/signal_64.o
  CC      kernel/locking/semaphore.o
  CC      arch/x86/kernel/traps.o
  CC      kernel/locking/rwsem.o
  CC      arch/x86/kernel/idt.o
  CC      kernel/locking/percpu-rwsem.o
  CC      arch/x86/kernel/irq.o
  CC      kernel/locking/spinlock.o
  CC      kernel/locking/osq_lock.o
  CC      kernel/locking/qspinlock.o
  CC      arch/x86/kernel/irq_64.o
  CC      kernel/locking/rtmutex_api.o
  CC      arch/x86/kernel/dumpstack_64.o
  CC      arch/x86/kernel/time.o
  CC      arch/x86/kernel/ioport.o
  CC      kernel/locking/qrwlock.o
  CC      arch/x86/kernel/dumpstack.o
  AR      kernel/locking/built-in.a
  CC      kernel/power/qos.o
  CC      arch/x86/kernel/nmi.o
  CC      kernel/power/main.o
  CC      arch/x86/kernel/fred.o
  CC      kernel/power/console.o
  CC      arch/x86/kernel/ldt.o
  CC      kernel/power/process.o
  CC      arch/x86/kernel/setup.o
  CC      kernel/power/suspend.o
  CC      arch/x86/kernel/x86_init.o
  CC      kernel/power/hibernate.o
  CC      arch/x86/kernel/i8259.o
  CC      arch/x86/kernel/irqinit.o
  CC      kernel/power/snapshot.o
  CC      arch/x86/kernel/jump_label.o
  CC      arch/x86/kernel/irq_work.o
  CC      kernel/power/swap.o
  CC      arch/x86/kernel/probe_roms.o
  CC      arch/x86/kernel/sys_ia32.o
  CC      kernel/power/user.o
  CC      arch/x86/kernel/signal_32.o
  CC      kernel/power/wakelock.o
  CC      arch/x86/kernel/sys_x86_64.o
  CC      kernel/power/poweroff.o
  CC      kernel/power/energy_model.o
  CC      arch/x86/kernel/espfix_64.o
  AR      kernel/power/built-in.a
  CC      kernel/printk/printk.o
  CC      arch/x86/kernel/ksysfs.o
  CC      arch/x86/kernel/bootflag.o
  CC      arch/x86/kernel/e820.o
  CC      kernel/printk/printk_safe.o
  CC      arch/x86/kernel/pci-dma.o
  CC      kernel/printk/nbcon.o
  CC      arch/x86/kernel/quirks.o
  CC      kernel/printk/printk_ringbuffer.o
  CC      arch/x86/kernel/kdebugfs.o
  CC      kernel/printk/sysctl.o
  AR      kernel/printk/built-in.a
  CC      arch/x86/kernel/alternative.o
  CC      kernel/irq/irqdesc.o
  CC      kernel/irq/handle.o
  CC      arch/x86/kernel/i8253.o
  CC      kernel/irq/manage.o
  CC      arch/x86/kernel/hw_breakpoint.o
  CC      kernel/irq/spurious.o
  CC      arch/x86/kernel/tsc.o
  CC      kernel/irq/resend.o
  CC      kernel/irq/chip.o
  CC      arch/x86/kernel/tsc_msr.o
  CC      arch/x86/kernel/io_delay.o
  CC      arch/x86/kernel/rtc.o
  CC      kernel/irq/dummychip.o
  CC      kernel/irq/devres.o
  CC      arch/x86/kernel/resource.o
  AS      arch/x86/kernel/irqflags.o
  CC      arch/x86/kernel/static_call.o
  CC      kernel/irq/kexec.o
  CC      arch/x86/kernel/process.o
  CC      kernel/irq/autoprobe.o
  CC      kernel/irq/irqdomain.o
  CC      arch/x86/kernel/fpu/init.o
  CC      kernel/irq/proc.o
  CC      arch/x86/kernel/fpu/bugs.o
  CC      arch/x86/kernel/fpu/core.o
  CC      kernel/irq/migration.o
  CC      kernel/irq/cpuhotplug.o
  CC      arch/x86/kernel/fpu/regset.o
  CC      kernel/irq/pm.o
  CC      arch/x86/kernel/fpu/signal.o
  CC      kernel/irq/msi.o
  CC      arch/x86/kernel/fpu/xstate.o
  CC      kernel/irq/affinity.o
  CC      kernel/irq/matrix.o
  AR      arch/x86/kernel/fpu/built-in.a
  CC      arch/x86/kernel/ptrace.o
  CC      arch/x86/kernel/tls.o
  AR      kernel/irq/built-in.a
  CC      kernel/rcu/update.o
  CC      arch/x86/kernel/step.o
  CC      arch/x86/kernel/tboot.o
  CC      arch/x86/kernel/i8237.o
  CC      kernel/rcu/sync.o
  CC      kernel/rcu/srcutree.o
  CC      arch/x86/kernel/stacktrace.o
  CC      arch/x86/kernel/cpu/cacheinfo.o
  CC      kernel/rcu/tree.o
  CC      arch/x86/kernel/cpu/scattered.o
  CC      arch/x86/kernel/cpu/topology_common.o
  CC      arch/x86/kernel/cpu/topology_ext.o
  CC      arch/x86/kernel/cpu/topology_amd.o
  CC      arch/x86/kernel/cpu/common.o
  CC      arch/x86/kernel/cpu/rdrand.o
  CC      kernel/rcu/rcu_segcblist.o
  CC      arch/x86/kernel/cpu/match.o
  AR      kernel/rcu/built-in.a
  CC      kernel/livepatch/core.o
  CC      arch/x86/kernel/cpu/bugs.o
  CC      kernel/livepatch/patch.o
  CC      kernel/livepatch/shadow.o
  CC      arch/x86/kernel/cpu/aperfmperf.o
  CC      kernel/livepatch/state.o
  CC      arch/x86/kernel/cpu/cpuid-deps.o
  CC      kernel/livepatch/transition.o
  CC      arch/x86/kernel/cpu/umwait.o
  CC      arch/x86/kernel/cpu/capflags.o
  CC      arch/x86/kernel/cpu/powerflags.o
  CC      arch/x86/kernel/cpu/topology.o
  AR      kernel/livepatch/built-in.a
  CC      kernel/dma/mapping.o
  CC      arch/x86/kernel/cpu/proc.o
  CC      arch/x86/kernel/cpu/feat_ctl.o
  CC      arch/x86/kernel/cpu/intel.o
  CC      kernel/dma/direct.o
  CC      arch/x86/kernel/cpu/tsx.o
  CC      kernel/dma/ops_helpers.o
  CC      arch/x86/kernel/cpu/intel_epb.o
  CC      kernel/dma/dummy.o
  CC      arch/x86/kernel/cpu/amd.o
  CC      kernel/dma/swiotlb.o
  CC      arch/x86/kernel/cpu/hygon.o
  CC      kernel/dma/pool.o
  CC      arch/x86/kernel/cpu/centaur.o
  CC      arch/x86/kernel/cpu/zhaoxin.o
  CC      kernel/dma/remap.o
  CC      arch/x86/kernel/cpu/mce/core.o
  AR      kernel/dma/built-in.a
  CC      kernel/entry/common.o
  CC      kernel/entry/syscall_user_dispatch.o
  AR      kernel/entry/built-in.a
  CC      kernel/module/main.o
  CC      arch/x86/kernel/cpu/mce/severity.o
  CC      arch/x86/kernel/cpu/mce/genpool.o
  CC      arch/x86/kernel/cpu/mce/intel.o
  CC      arch/x86/kernel/cpu/mce/amd.o
  CC      kernel/module/strict_rwx.o
  CC      kernel/module/kmod.o
  CC      kernel/module/signing.o
  CC      arch/x86/kernel/cpu/mce/threshold.o
  CC      kernel/module/livepatch.o
  CC      arch/x86/kernel/cpu/mce/apei.o
  CC      kernel/module/tree_lookup.o
  CC      arch/x86/kernel/cpu/mce/dev-mcelog.o
  CC      kernel/module/kallsyms.o
  CC      kernel/module/procfs.o
  AR      arch/x86/kernel/cpu/mce/built-in.a
  CC      arch/x86/kernel/cpu/mtrr/mtrr.o
  CC      kernel/module/sysfs.o
  CC      kernel/module/kdb.o
  CC      arch/x86/kernel/cpu/mtrr/if.o
  CC      kernel/module/version.o
  CC      arch/x86/kernel/cpu/mtrr/generic.o
  AR      kernel/module/built-in.a
  CC      kernel/kcmp.o
  CC      arch/x86/kernel/cpu/mtrr/cleanup.o
  CC      kernel/freezer.o
  AR      arch/x86/kernel/cpu/mtrr/built-in.a
  CC      arch/x86/kernel/cpu/microcode/core.o
  CC      kernel/profile.o
  CC      arch/x86/kernel/cpu/microcode/intel.o
  CC      kernel/stacktrace.o
  CC      arch/x86/kernel/cpu/microcode/amd.o
  CC      kernel/time/time.o
  AR      arch/x86/kernel/cpu/microcode/built-in.a
  CC      arch/x86/kernel/cpu/resctrl/core.o
  CC      arch/x86/kernel/cpu/resctrl/rdtgroup.o
  CC      kernel/time/timer.o
  CC      arch/x86/kernel/cpu/resctrl/monitor.o
  CC      kernel/time/hrtimer.o
  CC      arch/x86/kernel/cpu/resctrl/ctrlmondata.o
  CC      arch/x86/kernel/cpu/resctrl/pseudo_lock.o
  CC      kernel/time/timekeeping.o
  AR      arch/x86/kernel/cpu/resctrl/built-in.a
  CC      arch/x86/kernel/cpu/sgx/driver.o
  CC      kernel/time/ntp.o
  CC      arch/x86/kernel/cpu/sgx/encl.o
  CC      kernel/time/clocksource.o
  CC      arch/x86/kernel/cpu/sgx/ioctl.o
  CC      kernel/time/jiffies.o
  CC      arch/x86/kernel/cpu/sgx/main.o
  CC      kernel/time/timer_list.o
  CC      kernel/time/timeconv.o
  CC      kernel/time/timecounter.o
  AR      arch/x86/kernel/cpu/sgx/built-in.a
  CC      arch/x86/kernel/cpu/perfctr-watchdog.o
  CC      kernel/time/alarmtimer.o
  CC      arch/x86/kernel/cpu/vmware.o
  CC      kernel/time/posix-timers.o
  CC      arch/x86/kernel/cpu/hypervisor.o
  CC      arch/x86/kernel/cpu/mshyperv.o
  CC      kernel/time/posix-cpu-timers.o
  CC      kernel/time/posix-clock.o
  CC      arch/x86/kernel/cpu/acrn.o
  CC      arch/x86/kernel/cpu/debugfs.o
  CC      kernel/time/itimer.o
  AR      arch/x86/kernel/cpu/built-in.a
  CC      arch/x86/kernel/acpi/boot.o
  CC      kernel/time/clockevents.o
  CC      kernel/time/tick-common.o
  CC      arch/x86/kernel/acpi/sleep.o
  AS      arch/x86/kernel/acpi/wakeup_64.o
  CC      arch/x86/kernel/acpi/apei.o
  CC      arch/x86/kernel/acpi/cppc.o
  CC      kernel/time/tick-broadcast.o
  CC      arch/x86/kernel/acpi/madt_wakeup.o
  CC      kernel/time/tick-broadcast-hrtimer.o
  AS      arch/x86/kernel/acpi/madt_playdead.o
  CC      arch/x86/kernel/acpi/cstate.o
  CC      kernel/time/tick-oneshot.o
  CC      kernel/time/tick-sched.o
  AR      arch/x86/kernel/acpi/built-in.a
  CC      arch/x86/kernel/reboot.o
  CC      kernel/time/timer_migration.o
  CC      arch/x86/kernel/early-quirks.o
  CC      arch/x86/kernel/smp.o
  CC      kernel/time/vsyscall.o
  CC      kernel/time/timekeeping_debug.o
  CC      kernel/time/namespace.o
  CC      arch/x86/kernel/smpboot.o
  AR      kernel/time/built-in.a
  CC      kernel/futex/core.o
  CC      kernel/futex/syscalls.o
  CC      arch/x86/kernel/tsc_sync.o
  CC      kernel/futex/pi.o
  CC      arch/x86/kernel/setup_percpu.o
  CC      kernel/futex/requeue.o
  CC      arch/x86/kernel/mpparse.o
  CC      kernel/futex/waitwake.o
  AR      kernel/futex/built-in.a
  CC      kernel/dma.o
  CC      arch/x86/kernel/apic/apic.o
  CC      kernel/smp.o
  CC      kernel/uid16.o
  CC      arch/x86/kernel/apic/apic_common.o
  CC      kernel/module_signature.o
  CC      kernel/kallsyms.o
  CC      arch/x86/kernel/apic/apic_noop.o
  CC      arch/x86/kernel/apic/ipi.o
  CC      arch/x86/kernel/apic/vector.o
  CC      kernel/acct.o
  CC      kernel/vmcore_info.o
  CC      arch/x86/kernel/apic/init.o
  CC      kernel/elfcorehdr.o
  CC      arch/x86/kernel/apic/hw_nmi.o
  CC      kernel/crash_reserve.o
  CC      arch/x86/kernel/apic/io_apic.o
  CC      kernel/kexec_core.o
  CC      kernel/crash_core.o
  CC      arch/x86/kernel/apic/msi.o
  CC      kernel/kexec.o
  CC      kernel/kexec_file.o
  CC      arch/x86/kernel/apic/apic_numachip.o
  CC      arch/x86/kernel/apic/x2apic_uv_x.o
  CC      kernel/compat.o
  CC      kernel/cgroup/cgroup.o
  CC      arch/x86/kernel/apic/x2apic_phys.o
  CC      arch/x86/kernel/apic/x2apic_cluster.o
  CC      arch/x86/kernel/apic/apic_flat_64.o
  CC      arch/x86/kernel/apic/probe_64.o
  AR      arch/x86/kernel/apic/built-in.a
  CC      arch/x86/kernel/ftrace.o
  AS      arch/x86/kernel/ftrace_64.o
  CC      arch/x86/kernel/trace_clock.o
  CC      arch/x86/kernel/trace.o
  CC      kernel/cgroup/rstat.o
  CC      arch/x86/kernel/rethook.o
  CC      arch/x86/kernel/vmcore_info_64.o
  CC      kernel/cgroup/namespace.o
  CC      arch/x86/kernel/machine_kexec_64.o
  CC      kernel/cgroup/cgroup-v1.o
  AS      arch/x86/kernel/relocate_kernel_64.o
  CC      arch/x86/kernel/kexec-bzimage64.o
  CC      arch/x86/kernel/crash_dump_64.o
  CC      kernel/cgroup/freezer.o
  CC      arch/x86/kernel/crash.o
  CC      arch/x86/kernel/kprobes/core.o
  CC      kernel/cgroup/legacy_freezer.o
  CC      kernel/cgroup/pids.o
  CC      arch/x86/kernel/kprobes/opt.o
  CC      kernel/cgroup/rdma.o
  CC      arch/x86/kernel/kprobes/ftrace.o
  CC      kernel/cgroup/cpuset.o
  AR      arch/x86/kernel/kprobes/built-in.a
  CC      arch/x86/kernel/module.o
  CC      arch/x86/kernel/kgdb.o
  CC      arch/x86/kernel/early_printk.o
  CC      arch/x86/kernel/hpet.o
  CC      kernel/cgroup/misc.o
  CC      arch/x86/kernel/amd_nb.o
  AR      kernel/cgroup/built-in.a
  CC      kernel/utsname.o
  CC      kernel/user_namespace.o
  CC      arch/x86/kernel/kvm.o
  CC      kernel/pid_namespace.o
  CC      arch/x86/kernel/kvmclock.o
  CC      kernel/stop_machine.o
  CC      arch/x86/kernel/paravirt.o
  CC      kernel/audit.o
  CC      arch/x86/kernel/paravirt-spinlocks.o
  CC      arch/x86/kernel/pvclock.o
  CC      arch/x86/kernel/pmem.o
  CC      kernel/auditfilter.o
  CC      arch/x86/kernel/jailhouse.o
  CC      arch/x86/kernel/pcspeaker.o
  CC      kernel/auditsc.o
  CC      arch/x86/kernel/check.o
  CC      arch/x86/kernel/uprobes.o
  CC      arch/x86/kernel/perf_regs.o
  CC      kernel/audit_watch.o
  CC      arch/x86/kernel/tracepoint.o
  CC      arch/x86/kernel/itmt.o
  CC      kernel/audit_fsnotify.o
  CC      arch/x86/kernel/umip.o
  CC      kernel/audit_tree.o
  CC      arch/x86/kernel/unwind_frame.o
  CC      kernel/kprobes.o
  CC      arch/x86/kernel/callthunks.o
  CC      arch/x86/kernel/cet.o
  CC      arch/x86/kernel/shstk.o
  CC      kernel/debug/debug_core.o
  CC      arch/x86/kernel/audit_64.o
  CC      arch/x86/kernel/amd_gart_64.o
  CC      kernel/debug/gdbstub.o
  CC      arch/x86/kernel/aperture_64.o
  CC      kernel/debug/kdb/kdb_io.o
  CC      arch/x86/kernel/mmconf-fam10h_64.o
  CC      arch/x86/kernel/vsmp_64.o
  CC      kernel/debug/kdb/kdb_main.o
  CC [M]  arch/x86/kernel/msr.o
  AR      arch/x86/kernel/built-in.a
  CC      arch/x86/mm/init.o
  CC      kernel/debug/kdb/kdb_support.o
  CC      arch/x86/mm/init_64.o
  CC      kernel/debug/kdb/kdb_bt.o
  CC      kernel/debug/kdb/gen-kdb_cmds.o
  CC      kernel/debug/kdb/kdb_bp.o
  CC      kernel/debug/kdb/kdb_debugger.o
  CC      arch/x86/mm/fault.o
  CC      kernel/debug/kdb/kdb_keyboard.o
  CC      arch/x86/mm/ioremap.o
  AR      kernel/debug/kdb/built-in.a
  AR      kernel/debug/built-in.a
  CC      kernel/hung_task.o
  CC      arch/x86/mm/extable.o
  CC      kernel/watchdog.o
  CC      arch/x86/mm/mmap.o
  CC      kernel/watchdog_perf.o
  CC      arch/x86/mm/pgtable.o
  CC      kernel/seccomp.o
  CC      arch/x86/mm/physaddr.o
  CC      arch/x86/mm/tlb.o
  CC      kernel/relay.o
  CC      arch/x86/mm/cpu_entry_area.o
  CC      kernel/utsname_sysctl.o
  CC      kernel/delayacct.o
  CC      kernel/taskstats.o
  CC      arch/x86/mm/maccess.o
  CC      arch/x86/mm/pgprot.o
  CC      kernel/tsacct.o
  CC      arch/x86/mm/pat/set_memory.o
  CC      kernel/tracepoint.o
  CC      kernel/latencytop.o
  CC      arch/x86/mm/pat/memtype.o
  CC      kernel/trace/trace_clock.o
  CC      arch/x86/mm/pat/memtype_interval.o
  CC      kernel/trace/ftrace.o
  AR      arch/x86/mm/pat/built-in.a
  CC      arch/x86/mm/hugetlbpage.o
  CC      arch/x86/mm/dump_pagetables.o
  CC      arch/x86/mm/kmmio.o
  CC      arch/x86/mm/pf_in.o
  CC      arch/x86/mm/mmio-mod.o
  CC      kernel/trace/ring_buffer.o
  CC      arch/x86/mm/numa.o
  CC      arch/x86/mm/numa_64.o
  CC      arch/x86/mm/amdtopology.o
  CC      arch/x86/mm/srat.o
  CC      kernel/trace/trace.o
  CC      arch/x86/mm/pkeys.o
  CC      arch/x86/mm/kaslr.o
  CC      arch/x86/mm/pti.o
  CC      arch/x86/mm/mem_encrypt.o
  CC      arch/x86/mm/mem_encrypt_amd.o
  CC      arch/x86/mm/mem_encrypt_identity.o
  AS      arch/x86/mm/mem_encrypt_boot.o
  AR      arch/x86/mm/built-in.a
  CC      kernel/trace/trace_output.o
  AS      arch/x86/crypto/sha512-ssse3-asm.o
  AS      arch/x86/crypto/sha512-avx-asm.o
  AS      arch/x86/crypto/sha512-avx2-asm.o
  CC      arch/x86/crypto/sha512_ssse3_glue.o
  AS      arch/x86/crypto/blake2s-core.o
  CC      arch/x86/crypto/blake2s-glue.o
  CC      arch/x86/crypto/crc32c-intel_glue.o
  CC      kernel/trace/trace_seq.o
  AS      arch/x86/crypto/crc32c-pcl-intel-asm_64.o
  AS [M]  arch/x86/crypto/aesni-intel_asm.o
  CC [M]  arch/x86/crypto/aesni-intel_glue.o
  CC      kernel/trace/trace_stat.o
  AS [M]  arch/x86/crypto/aes_ctrby8_avx-x86_64.o
  AS [M]  arch/x86/crypto/aes-gcm-aesni-x86_64.o
  AS [M]  arch/x86/crypto/aes-xts-avx-x86_64.o
  CC      kernel/trace/trace_printk.o
  AS [M]  arch/x86/crypto/aes-gcm-avx10-x86_64.o
  AS [M]  arch/x86/crypto/sha1_avx2_x86_64_asm.o
  AS [M]  arch/x86/crypto/sha1_ssse3_asm.o
  CC [M]  arch/x86/crypto/sha1_ssse3_glue.o
  AS [M]  arch/x86/crypto/sha1_ni_asm.o
  AS [M]  arch/x86/crypto/sha256-ssse3-asm.o
  AS [M]  arch/x86/crypto/sha256-avx-asm.o
  AS [M]  arch/x86/crypto/sha256-avx2-asm.o
  CC [M]  arch/x86/crypto/sha256_ssse3_glue.o
  CC      kernel/trace/pid_list.o
  AS [M]  arch/x86/crypto/sha256_ni_asm.o
  AS [M]  arch/x86/crypto/ghash-clmulni-intel_asm.o
  CC [M]  arch/x86/crypto/ghash-clmulni-intel_glue.o
  CC      kernel/trace/tracing_map.o
  AS [M]  arch/x86/crypto/polyval-clmulni_asm.o
  CC [M]  arch/x86/crypto/polyval-clmulni_glue.o
  CC      kernel/trace/trace_sched_switch.o
  AS [M]  arch/x86/crypto/crc32-pclmul_asm.o
  CC [M]  arch/x86/crypto/crc32-pclmul_glue.o
  AS [M]  arch/x86/crypto/crct10dif-pcl-asm_64.o
  CC [M]  arch/x86/crypto/crct10dif-pclmul_glue.o
  CC      kernel/trace/trace_functions.o
  AR      arch/x86/crypto/built-in.a
  LD [M]  arch/x86/crypto/aesni-intel.o
  LD [M]  arch/x86/crypto/sha1-ssse3.o
  LD [M]  arch/x86/crypto/sha256-ssse3.o
  LD [M]  arch/x86/crypto/ghash-clmulni-intel.o
  LD [M]  arch/x86/crypto/polyval-clmulni.o
  LD [M]  arch/x86/crypto/crc32-pclmul.o
  LD [M]  arch/x86/crypto/crct10dif-pclmul.o
  CC      arch/x86/ia32/audit.o
  AR      arch/x86/ia32/built-in.a
  CC      arch/x86/platform/efi/memmap.o
  CC      kernel/trace/trace_sched_wakeup.o
  CC      arch/x86/platform/efi/quirks.o
  CC      kernel/trace/trace_hwlat.o
  CC      arch/x86/platform/efi/efi.o
  CC      kernel/trace/trace_osnoise.o
  CC      arch/x86/platform/efi/efi_64.o
  AS      arch/x86/platform/efi/efi_stub_64.o
  AS      arch/x86/platform/efi/efi_thunk_64.o
  CC      arch/x86/platform/efi/runtime-map.o
  CC      kernel/trace/trace_nop.o
  AR      arch/x86/platform/efi/built-in.a
  CC      arch/x86/platform/intel/iosf_mbi.o
  CC      kernel/trace/trace_stack.o
  AR      arch/x86/platform/intel/built-in.a
  CC      arch/x86/platform/uv/bios_uv.o
  CC      kernel/trace/trace_mmiotrace.o
  CC      kernel/trace/trace_functions_graph.o
  CC      arch/x86/platform/uv/uv_irq.o
  CC      kernel/trace/blktrace.o
  CC      arch/x86/platform/uv/uv_time.o
  CC      arch/x86/platform/uv/uv_nmi.o
  CC      kernel/trace/fgraph.o
  AR      arch/x86/platform/uv/built-in.a
  AR      arch/x86/platform/built-in.a
  CC      arch/x86/net/bpf_jit_comp.o
  CC      kernel/trace/trace_events.o
  AR      arch/x86/net/built-in.a
  CC      arch/x86/purgatory/purgatory.o
  AS      arch/x86/purgatory/stack.o
  AS      arch/x86/purgatory/setup-x86_64.o
  CC      arch/x86/purgatory/sha256.o
  AS      arch/x86/purgatory/entry64.o
  CC      arch/x86/purgatory/string.o
  LD      arch/x86/purgatory/purgatory.ro
  LD      arch/x86/purgatory/purgatory.chk
  AS      arch/x86/purgatory/kexec-purgatory.o
  AR      arch/x86/purgatory/built-in.a
  AR      arch/x86/built-in.a
  CC      kernel/trace/trace_export.o
  CC      kernel/trace/trace_syscalls.o
  CC      certs/system_keyring.o
  CC      kernel/trace/trace_event_perf.o
  AS      certs/system_certificates.o
  CC      certs/blacklist.o
  CC      certs/blacklist_hashes.o
  AS      certs/revocation_certificates.o
  AR      certs/built-in.a
  CC      kernel/irq_work.o
  CC      kernel/trace/trace_events_filter.o
  CC      mm/filemap.o
  CC      kernel/trace/trace_events_trigger.o
  CC      kernel/trace/trace_eprobe.o
  CC      kernel/trace/trace_events_inject.o
  CC      mm/mempool.o
  CC      kernel/trace/trace_events_synth.o
  CC      mm/oom_kill.o
  CC      kernel/trace/trace_events_hist.o
  CC      mm/fadvise.o
  CC      mm/maccess.o
  CC      mm/page-writeback.o
  CC      kernel/trace/trace_events_user.o
  CC      kernel/trace/bpf_trace.o
  CC      mm/folio-compat.o
  CC      mm/readahead.o
  CC      mm/swap.o
  CC      kernel/trace/trace_kprobe.o
  CC      mm/truncate.o
  CC      kernel/trace/error_report-traces.o
  CC      mm/vmscan.o
  CC      kernel/trace/power-traces.o
  CC      kernel/trace/rpm-traces.o
  CC      kernel/trace/trace_kdb.o
  CC      kernel/trace/trace_dynevent.o
  CC      kernel/trace/trace_probe.o
  CC      mm/shrinker.o
  CC      kernel/trace/trace_uprobe.o
  CC      mm/shmem.o
  CC      kernel/trace/trace_boot.o
  CC      kernel/trace/fprobe.o
  CC      mm/util.o
  CC      kernel/trace/rethook.o
  CC      kernel/trace/trace_fprobe.o
  CC      mm/mmzone.o
  CC      mm/vmstat.o
  CC      kernel/trace/rv/rv.o
  CC      kernel/trace/rv/monitors/wwnr/wwnr.o
  CC      mm/backing-dev.o
  CC      kernel/trace/rv/rv_reactors.o
  CC      kernel/trace/rv/reactor_printk.o
  CC      kernel/trace/rv/reactor_panic.o
  CC      mm/mm_init.o
  AR      kernel/trace/rv/built-in.a
  AR      kernel/trace/built-in.a
  CC      kernel/bpf/core.o
  CC      mm/percpu.o
  CC      kernel/bpf/syscall.o
  CC      mm/slab_common.o
  CC      mm/compaction.o
  CC      kernel/bpf/verifier.o
  CC      mm/show_mem.o
  CC      mm/interval_tree.o
  CC      mm/list_lru.o
  CC      mm/workingset.o
  CC      mm/debug.o
  CC      mm/gup.o
  CC      kernel/bpf/inode.o
  CC      mm/mmap_lock.o
  CC      kernel/bpf/helpers.o
  CC      mm/highmem.o
  CC      mm/memory.o
  CC      kernel/bpf/tnum.o
  CC      kernel/bpf/log.o
  CC      kernel/bpf/token.o
  CC      kernel/bpf/bpf_iter.o
  CC      kernel/bpf/map_iter.o
  CC      mm/mincore.o
  CC      kernel/bpf/task_iter.o
  CC      mm/mlock.o
  CC      kernel/bpf/prog_iter.o
  CC      kernel/bpf/link_iter.o
  CC      mm/mmap.o
  CC      kernel/bpf/hashtab.o
  CC      mm/mmu_gather.o
  CC      kernel/bpf/arraymap.o
  CC      mm/mprotect.o
  CC      kernel/bpf/percpu_freelist.o
  CC      kernel/bpf/bpf_lru_list.o
  CC      mm/mremap.o
  CC      kernel/bpf/lpm_trie.o
  CC      kernel/bpf/map_in_map.o
  CC      mm/msync.o
  CC      kernel/bpf/bloom_filter.o
  CC      mm/page_vma_mapped.o
  CC      kernel/bpf/local_storage.o
  CC      mm/pagewalk.o
  CC      kernel/bpf/queue_stack_maps.o
  CC      mm/pgtable-generic.o
  CC      kernel/bpf/ringbuf.o
  CC      mm/rmap.o
  CC      kernel/bpf/bpf_local_storage.o
  CC      kernel/bpf/bpf_task_storage.o
  CC      kernel/bpf/bpf_inode_storage.o
  CC      mm/vmalloc.o
  CC      kernel/bpf/disasm.o
  CC      kernel/bpf/mprog.o
  CC      kernel/bpf/trampoline.o
  CC      kernel/bpf/btf.o
  CC      mm/vma.o
  CC      mm/process_vm_access.o
  CC      mm/mseal.o
  CC      mm/page_alloc.o
  CC      kernel/bpf/memalloc.o
  CC      kernel/bpf/arena.o
  CC      kernel/bpf/dispatcher.o
  CC      mm/shuffle.o
  CC      kernel/bpf/devmap.o
  CC      mm/init-mm.o
  CC      mm/memblock.o
  CC      kernel/bpf/cpumap.o
  CC      mm/memory_hotplug.o
  CC      kernel/bpf/offload.o
  CC      mm/slub.o
  CC      kernel/bpf/net_namespace.o
  CC      kernel/bpf/tcx.o
  CC      kernel/bpf/stackmap.o
  CC      kernel/bpf/cgroup_iter.o
  CC      mm/madvise.o
  CC      kernel/bpf/bpf_cgrp_storage.o
  CC      kernel/bpf/cgroup.o
  CC      mm/page_io.o
  CC      mm/swap_state.o
  CC      kernel/bpf/reuseport_array.o
  CC      mm/swapfile.o
  CC      kernel/bpf/bpf_struct_ops.o
  CC      kernel/bpf/cpumask.o
  CC      kernel/bpf/bpf_lsm.o
  CC      mm/swap_slots.o
  CC      mm/zswap.o
  CC      kernel/bpf/crypto.o
  CC      mm/dmapool.o
  CC      kernel/bpf/relo_core.o
  CC      mm/hugetlb.o
  CC      kernel/bpf/btf_iter.o
  CC      kernel/bpf/btf_relocate.o
  AR      kernel/bpf/built-in.a
  CC      kernel/static_call.o
  CC      kernel/static_call_inline.o
  CC      kernel/events/core.o
  CC      mm/hugetlb_vmemmap.o
  CC      mm/mempolicy.o
  CC      mm/sparse.o
  CC      mm/sparse-vmemmap.o
  CC      mm/mmu_notifier.o
  CC      kernel/events/ring_buffer.o
  CC      mm/ksm.o
  CC      kernel/events/callchain.o
  CC      kernel/events/hw_breakpoint.o
  CC      mm/page_poison.o
  CC      kernel/events/uprobes.o
  CC      mm/kfence/core.o
  CC      mm/kfence/report.o
  AR      kernel/events/built-in.a
  CC      kernel/padata.o
  AR      mm/kfence/built-in.a
  CC      mm/memtest.o
  CC      kernel/jump_label.o
  CC      mm/migrate.o
  CC      kernel/context_tracking.o
  CC      kernel/iomem.o
  CC      mm/memory-tiers.o
  CC      kernel/rseq.o
  CC      mm/migrate_device.o
  CC      kernel/watch_queue.o
  UPD     kernel/config_data
  AR      kernel/built-in.a
  CC      mm/huge_memory.o
  GZIP    kernel/config_data.gz
  CC [M]  kernel/configs.o
  CC      fs/open.o
  CC      fs/read_write.o
  CC      mm/khugepaged.o
  CC      fs/file_table.o
  CC      fs/super.o
  CC      mm/page_counter.o
  CC      mm/memcontrol.o
  CC      fs/char_dev.o
  CC      fs/stat.o
  CC      fs/exec.o
  CC      mm/vmpressure.o
  CC      mm/swap_cgroup.o
  CC      mm/hugetlb_cgroup.o
  CC      fs/pipe.o
  CC      mm/memory-failure.o
  CC      fs/namei.o
  CC      mm/page_isolation.o
  CC      mm/zpool.o
  CC      mm/zbud.o
  CC      fs/fcntl.o
  CC      mm/zsmalloc.o
  CC      fs/ioctl.o
  CC      mm/early_ioremap.o
  CC      mm/numa.o
  CC      fs/readdir.o
  CC      mm/numa_memblks.o
  CC      fs/select.o
  CC      mm/balloon_compaction.o
  CC      mm/secretmem.o
  CC      fs/dcache.o
  CC      mm/userfaultfd.o
  CC      mm/page_idle.o
  CC      fs/inode.o
  CC      mm/usercopy.o
  CC      mm/memremap.o
  CC      fs/attr.o
  CC      mm/memfd.o
  CC      fs/bad_inode.o
  CC      mm/mapping_dirty_helpers.o
  CC      fs/file.o
  CC      mm/ptdump.o
  CC      mm/page_reporting.o
  CC      fs/filesystems.o
  CC      mm/bootmem_info.o
  CC      mm/execmem.o
  CC      fs/namespace.o
  CC      mm/shmem_quota.o
  AR      mm/built-in.a
  CC      ipc/compat.o
  CC      ipc/util.o
  CC      ipc/msgutil.o
  CC      fs/seq_file.o
  CC      ipc/msg.o
  CC      fs/xattr.o
  CC      ipc/sem.o
  CC      fs/libfs.o
  CC      ipc/shm.o
  CC      ipc/syscall.o
  CC      fs/fs-writeback.o
  CC      ipc/ipc_sysctl.o
  CC      ipc/mqueue.o
  CC      ipc/namespace.o
  CC      ipc/mq_sysctl.o
  AR      ipc/built-in.a
  CC      fs/pnode.o
  CC      security/keys/gc.o
  CC      fs/splice.o
  CC      security/keys/key.o
  CC      fs/sync.o
  CC      security/keys/keyring.o
  CC      fs/utimes.o
  CC      security/keys/keyctl.o
  CC      fs/d_path.o
  CC      security/keys/permission.o
  CC      fs/stack.o
  CC      fs/fs_struct.o
  CC      security/keys/process_keys.o
  CC      fs/statfs.o
  CC      security/keys/request_key.o
  CC      fs/fs_pin.o
  CC      security/keys/request_key_auth.o
  CC      fs/nsfs.o
  CC      security/keys/user_defined.o
  CC      fs/fs_types.o
  CC      security/keys/compat.o
  CC      fs/fs_context.o
  CC      security/keys/compat_dh.o
  CC      security/keys/proc.o
  CC      security/keys/sysctl.o
  CC      fs/fs_parser.o
  CC      security/keys/persistent.o
  CC      security/keys/dh.o
  CC      fs/fsopen.o
  CC      security/keys/keyctl_pkey.o
  CC      fs/init.o
  CC      security/keys/trusted-keys/trusted_core.o
  CC      fs/kernel_read_file.o
  CC      security/keys/trusted-keys/trusted_tpm1.o
  CC      fs/mnt_idmapping.o
  CC      security/keys/trusted-keys/trusted_tpm2.o
  CC      fs/remap_range.o
  CC      security/keys/trusted-keys/tpm2key.asn1.o
  AR      security/keys/trusted-keys/built-in.a
  CC      security/keys/encrypted-keys/encrypted.o
  CC      fs/pidfs.o
  CC      security/keys/encrypted-keys/ecryptfs_format.o
  CC      fs/buffer.o
  CC      security/keys/encrypted-keys/masterkey_trusted.o
  AR      security/keys/encrypted-keys/built-in.a
  AR      security/keys/built-in.a
  CC      security/commoncap.o
  CC      security/lsm_syscalls.o
  CC      security/min_addr.o
  CC      fs/mpage.o
  CC      security/security.o
  CC      fs/proc_namespace.o
  CC      fs/direct-io.o
  CC      fs/notify/fsnotify.o
  CC      fs/notify/notification.o
  CC      fs/notify/group.o
  CC      fs/notify/mark.o
  CC      fs/notify/fdinfo.o
  CC      security/inode.o
  CC      fs/notify/dnotify/dnotify.o
  AR      fs/notify/dnotify/built-in.a
  CC      fs/notify/inotify/inotify_fsnotify.o
  GEN     security/selinux/flask.h security/selinux/av_permissions.h
  CC      security/selinux/avc.o
  CC      fs/notify/inotify/inotify_user.o
  AR      fs/notify/inotify/built-in.a
  CC      fs/notify/fanotify/fanotify.o
  CC      security/selinux/hooks.o
  CC      fs/notify/fanotify/fanotify_user.o
  AR      fs/notify/fanotify/built-in.a
  AR      fs/notify/built-in.a
  CC      fs/eventpoll.o
  CC      security/selinux/selinuxfs.o
  CC      fs/anon_inodes.o
  CC      fs/signalfd.o
  CC      security/selinux/netlink.o
  CC      security/selinux/nlmsgtab.o
  CC      fs/timerfd.o
  CC      security/selinux/netif.o
  CC      fs/eventfd.o
  CC      security/selinux/netnode.o
  CC      fs/userfaultfd.o
  CC      security/selinux/netport.o
  CC      security/selinux/status.o
  CC      fs/aio.o
  CC      security/selinux/ss/ebitmap.o
  CC      security/selinux/ss/hashtab.o
  CC      fs/dax.o
  CC      security/selinux/ss/symtab.o
  CC      security/selinux/ss/sidtab.o
  CC      security/selinux/ss/avtab.o
  CC      security/selinux/ss/policydb.o
  CC      fs/crypto/crypto.o
  CC      fs/crypto/fname.o
  CC      security/selinux/ss/services.o
  CC      fs/crypto/hkdf.o
  CC      fs/crypto/hooks.o
  CC      fs/crypto/keyring.o
  CC      security/selinux/ss/conditional.o
  CC      fs/crypto/keysetup.o
  CC      security/selinux/ss/mls.o
  CC      security/selinux/ss/context.o
  CC      fs/crypto/keysetup_v1.o
  CC      security/selinux/netlabel.o
  CC      fs/crypto/policy.o
  CC      security/selinux/ibpkey.o
  CC      fs/crypto/bio.o
  CC      security/selinux/ima.o
  CC      fs/crypto/inline_crypt.o
  AR      security/selinux/built-in.a
  CC      security/smack/smack_lsm.o
  AR      fs/crypto/built-in.a
  CC      fs/verity/enable.o
  CC      fs/verity/hash_algs.o
  CC      fs/verity/init.o
  CC      security/smack/smack_access.o
  CC      fs/verity/measure.o
  CC      security/smack/smackfs.o
  CC      fs/verity/open.o
  CC      fs/verity/read_metadata.o
  CC      security/smack/smack_netfilter.o
  CC      fs/verity/verify.o
  AR      security/smack/built-in.a
  CC      security/lsm_audit.o
  CC      fs/verity/signature.o
  CC      security/tomoyo/audit.o
  AR      fs/verity/built-in.a
  CC      fs/locks.o
  CC      security/tomoyo/common.o
  CC      fs/binfmt_script.o
  CC      security/tomoyo/condition.o
  CC      fs/binfmt_elf.o
  CC      security/tomoyo/domain.o
  CC      fs/compat_binfmt_elf.o
  CC      security/tomoyo/environ.o
  CC      fs/backing-file.o
  CC      security/tomoyo/file.o
  CC      fs/mbcache.o
  CC      security/tomoyo/gc.o
  CC      fs/posix_acl.o
  CC      security/tomoyo/group.o
  CC      fs/coredump.o
  CC      security/tomoyo/load_policy.o
  CC      security/tomoyo/memory.o
  CC      fs/drop_caches.o
  CC      security/tomoyo/mount.o
  CC      fs/sysctls.o
  CC      fs/fhandle.o
  CC      security/tomoyo/network.o
  CC      fs/iomap/trace.o
  CC      security/tomoyo/realpath.o
  CC      fs/iomap/iter.o
  CC      fs/iomap/buffered-io.o
  CC      security/tomoyo/securityfs_if.o
  CC      security/tomoyo/tomoyo.o
  CC      security/tomoyo/util.o
  CC      fs/iomap/direct-io.o
  AR      security/tomoyo/built-in.a
  CC      fs/iomap/fiemap.o
  CC      security/apparmor/apparmorfs.o
  CC      fs/iomap/seek.o
  CC      fs/iomap/swapfile.o
  CC      security/apparmor/audit.o
  AR      fs/iomap/built-in.a
  CC      fs/quota/dquot.o
  CC      security/apparmor/capability.o
  CC      security/apparmor/task.o
  CC      fs/quota/quota.o
  CC      security/apparmor/ipc.o
  CC      fs/quota/kqid.o
  CC      security/apparmor/lib.o
  CC      fs/quota/netlink.o
  CC      security/apparmor/match.o
  AR      fs/quota/built-in.a
  CC      fs/proc/task_mmu.o
  CC      security/apparmor/path.o
  CC      security/apparmor/domain.o
  CC      fs/proc/inode.o
  CC      fs/proc/root.o
  CC      security/apparmor/policy.o
  CC      fs/proc/base.o
  CC      security/apparmor/policy_unpack.o
  CC      fs/proc/generic.o
  CC      security/apparmor/procattr.o
  CC      fs/proc/array.o
  CC      fs/proc/fd.o
  CC      security/apparmor/lsm.o
  CC      fs/proc/proc_tty.o
  CC      fs/proc/cmdline.o
  CC      fs/proc/consoles.o
  CC      fs/proc/cpuinfo.o
  CC      fs/proc/devices.o
  CC      security/apparmor/resource.o
  CC      fs/proc/interrupts.o
  CC      fs/proc/loadavg.o
  CC      security/apparmor/secid.o
  CC      fs/proc/meminfo.o
  CC      security/apparmor/file.o
  CC      fs/proc/stat.o
  CC      fs/proc/uptime.o
  CC      fs/proc/util.o
  CC      security/apparmor/policy_ns.o
  CC      fs/proc/version.o
  CC      fs/proc/softirqs.o
  CC      security/apparmor/label.o
  CC      fs/proc/namespaces.o
  CC      fs/proc/self.o
  CC      fs/proc/thread_self.o
  CC      fs/proc/proc_sysctl.o
  CC      security/apparmor/mount.o
  CC      security/apparmor/net.o
  CC      fs/proc/proc_net.o
  CC      security/apparmor/policy_compat.o
  CC      fs/proc/kcore.o
  CC      security/apparmor/crypto.o
  CC      fs/proc/vmcore.o
  AR      security/apparmor/built-in.a
  CC      security/yama/yama_lsm.o
  CC      fs/proc/kmsg.o
  AR      security/yama/built-in.a
  CC      security/safesetid/lsm.o
  CC      fs/proc/page.o
  CC      security/safesetid/securityfs.o
  CC      fs/proc/bootconfig.o
  AR      security/safesetid/built-in.a
  CC      security/lockdown/lockdown.o
  AR      fs/proc/built-in.a
  CC      fs/kernfs/mount.o
  AR      security/lockdown/built-in.a
  CC      security/device_cgroup.o
  CC      fs/kernfs/inode.o
  CC      fs/kernfs/dir.o
  CC      security/bpf/hooks.o
  AR      security/bpf/built-in.a
  CC      security/landlock/setup.o
  CC      fs/kernfs/file.o
  CC      security/landlock/syscalls.o
  CC      security/landlock/object.o
  CC      fs/kernfs/symlink.o
  CC      security/landlock/ruleset.o
  AR      fs/kernfs/built-in.a
  CC      fs/sysfs/file.o
  CC      security/landlock/cred.o
  CC      security/landlock/task.o
  CC      fs/sysfs/dir.o
  CC      security/landlock/fs.o
  CC      fs/sysfs/symlink.o
  CC      security/landlock/net.o
  CC      fs/sysfs/mount.o
  AR      security/landlock/built-in.a
  CC      fs/sysfs/group.o
  CC      security/integrity/iint.o
  CC      security/integrity/integrity_audit.o
  AR      fs/sysfs/built-in.a
  CC      fs/configfs/inode.o
  CC      security/integrity/digsig.o
  CC      fs/configfs/file.o
  CC      security/integrity/digsig_asymmetric.o
  CC      fs/configfs/dir.o
  CC      security/integrity/platform_certs/platform_keyring.o
  CC      security/integrity/platform_certs/machine_keyring.o
  CC      fs/configfs/symlink.o
  CC      security/integrity/platform_certs/efi_parser.o
  CC      fs/configfs/mount.o
  CC      security/integrity/platform_certs/load_uefi.o
  CC      fs/configfs/item.o
  CC      security/integrity/platform_certs/keyring_handler.o
  AR      fs/configfs/built-in.a
  CC      fs/devpts/inode.o
  CC      security/integrity/efi_secureboot.o
  AR      fs/devpts/built-in.a
  CC      security/integrity/ima/ima_fs.o
  CC      fs/ext4/balloc.o
  CC      security/integrity/ima/ima_queue.o
  CC      fs/ext4/bitmap.o
  CC      security/integrity/ima/ima_init.o
  CC      fs/ext4/block_validity.o
  CC      security/integrity/ima/ima_main.o
  CC      fs/ext4/dir.o
  CC      fs/ext4/ext4_jbd2.o
  CC      security/integrity/ima/ima_crypto.o
  CC      fs/ext4/extents.o
  CC      security/integrity/ima/ima_api.o
  CC      security/integrity/ima/ima_policy.o
  CC      security/integrity/ima/ima_template.o
  CC      fs/ext4/extents_status.o
  CC      security/integrity/ima/ima_template_lib.o
  CC      security/integrity/ima/ima_appraise.o
  CC      fs/ext4/file.o
  CC      security/integrity/ima/ima_modsig.o
  CC      fs/ext4/fsmap.o
  CC      security/integrity/ima/ima_kexec.o
  CC      security/integrity/ima/ima_asymmetric_keys.o
  CC      fs/ext4/fsync.o
  CC      security/integrity/ima/ima_queue_keys.o
  CC      fs/ext4/hash.o
  CC      security/integrity/ima/ima_efi.o
  CC      fs/ext4/ialloc.o
  CC      security/integrity/ima/ima_iint.o
  AR      security/integrity/ima/built-in.a
  CC      security/integrity/evm/evm_main.o
  CC      fs/ext4/indirect.o
  CC      security/integrity/evm/evm_crypto.o
  CC      fs/ext4/inline.o
  CC      security/integrity/evm/evm_secfs.o
  CC      fs/ext4/inode.o
  CC      security/integrity/evm/evm_posix_acl.o
  AR      security/integrity/evm/built-in.a
  AR      security/integrity/built-in.a
  AR      security/built-in.a
  CC      crypto/api.o
  CC      crypto/cipher.o
  CC      crypto/compress.o
  CC      fs/ext4/ioctl.o
  CC      crypto/algapi.o
  CC      fs/ext4/mballoc.o
  CC      crypto/scatterwalk.o
  CC      crypto/proc.o
  CC      crypto/aead.o
  CC      crypto/geniv.o
  CC      fs/ext4/migrate.o
  CC      crypto/lskcipher.o
  CC      fs/ext4/mmp.o
  CC      fs/ext4/move_extent.o
  CC      crypto/skcipher.o
  CC      fs/ext4/namei.o
  CC      crypto/bpf_crypto_skcipher.o
  CC      crypto/seqiv.o
  CC      crypto/ahash.o
  CC      fs/ext4/page-io.o
  CC      fs/ext4/readpage.o
  CC      crypto/shash.o
  CC      fs/ext4/resize.o
  CC      crypto/akcipher.o
  CC      fs/ext4/super.o
  CC      crypto/sig.o
  CC      crypto/kpp.o
  CC      crypto/dh.o
  CC      crypto/dh_helper.o
  CC      crypto/rsapubkey.asn1.o
  CC      crypto/rsaprivkey.asn1.o
  CC      crypto/rsa.o
  CC      crypto/rsa_helper.o
  CC      crypto/rsa-pkcs1pad.o
  CC      crypto/acompress.o
  CC      crypto/scompress.o
  CC      fs/ext4/symlink.o
  CC      fs/ext4/sysfs.o
  CC      crypto/algboss.o
  CC      fs/ext4/xattr.o
  CC      crypto/testmgr.o
  CC      crypto/hmac.o
  CC      crypto/crypto_null.o
  CC      fs/ext4/xattr_hurd.o
  CC      fs/ext4/xattr_trusted.o
  CC      crypto/md5.o
  CC      fs/ext4/xattr_user.o
  CC      crypto/sha1_generic.o
  CC      fs/ext4/fast_commit.o
  CC      crypto/sha256_generic.o
  CC      crypto/sha512_generic.o
  CC      fs/ext4/orphan.o
  CC      crypto/sha3_generic.o
  CC      fs/ext4/acl.o
  CC      crypto/ecb.o
  CC      fs/ext4/xattr_security.o
  CC      crypto/cbc.o
  CC      fs/ext4/verity.o
  CC      crypto/cts.o
  CC      fs/ext4/crypto.o
  CC      crypto/xts.o
  AR      fs/ext4/built-in.a
  CC      fs/jbd2/transaction.o
  CC      crypto/ctr.o
  CC      crypto/gcm.o
  CC      fs/jbd2/commit.o
  CC      crypto/aes_generic.o
  CC      crypto/deflate.o
  CC      fs/jbd2/recovery.o
  CC      crypto/crc32c_generic.o
  CC      crypto/crct10dif_common.o
  CC      fs/jbd2/checkpoint.o
  CC      crypto/crct10dif_generic.o
  CC      fs/jbd2/revoke.o
  CC      crypto/crc64_rocksoft_generic.o
  CC      crypto/lzo.o
  CC      fs/jbd2/journal.o
  CC      crypto/lzo-rle.o
  CC      crypto/rng.o
  CC      crypto/drbg.o
  AR      fs/jbd2/built-in.a
  CC      fs/squashfs/block.o
  CC      crypto/jitterentropy.o
  CC      crypto/jitterentropy-kcapi.o
  CC      fs/squashfs/cache.o
  CC      crypto/ghash-generic.o
  CC      fs/squashfs/dir.o
  CC      crypto/ecc.o
  CC      fs/squashfs/export.o
  CC      fs/squashfs/file.o
  CC      crypto/ecdh.o
  CC      fs/squashfs/fragment.o
  CC      fs/squashfs/id.o
  CC      crypto/ecdh_helper.o
  CC      fs/squashfs/inode.o
  CC      crypto/asymmetric_keys/asymmetric_type.o
  CC      fs/squashfs/namei.o
  CC      crypto/asymmetric_keys/restrict.o
  CC      fs/squashfs/super.o
  CC      crypto/asymmetric_keys/signature.o
  CC      fs/squashfs/symlink.o
  CC      crypto/asymmetric_keys/public_key.o
  CC      fs/squashfs/decompressor.o
  CC      fs/squashfs/page_actor.o
  CC      crypto/asymmetric_keys/x509.asn1.o
  CC      crypto/asymmetric_keys/x509_akid.asn1.o
  CC      crypto/asymmetric_keys/x509_cert_parser.o
  CC      fs/squashfs/file_direct.o
  CC      fs/squashfs/decompressor_single.o
  CC      crypto/asymmetric_keys/x509_loader.o
  CC      crypto/asymmetric_keys/x509_public_key.o
  CC      fs/squashfs/decompressor_multi.o
  CC      crypto/asymmetric_keys/pkcs7.asn1.o
  CC      crypto/asymmetric_keys/pkcs7_parser.o
  CC      fs/squashfs/decompressor_multi_percpu.o
  CC      fs/squashfs/xattr.o
  CC      crypto/asymmetric_keys/pkcs7_trust.o
  CC      fs/squashfs/xattr_id.o
  CC      crypto/asymmetric_keys/pkcs7_verify.o
  CC      fs/squashfs/lz4_wrapper.o
  CC      crypto/asymmetric_keys/verify_pefile.o
  CC      fs/squashfs/lzo_wrapper.o
  CC      crypto/asymmetric_keys/mscode_parser.o
  CC      crypto/asymmetric_keys/mscode.asn1.o
  AR      crypto/asymmetric_keys/built-in.a
  CC      crypto/hash_info.o
  CC      fs/squashfs/xz_wrapper.o
  CC      crypto/kdf_sp800108.o
  CC      fs/squashfs/zlib_wrapper.o
  CC [M]  crypto/blake2b_generic.o
  CC      fs/squashfs/zstd_wrapper.o
  AR      fs/squashfs/built-in.a
  CC      fs/ramfs/inode.o
  CC [M]  crypto/cryptd.o
  CC      fs/ramfs/file-mmu.o
  CC [M]  crypto/xxhash_generic.o
  AR      fs/ramfs/built-in.a
  CC      fs/hugetlbfs/inode.o
  CC [M]  crypto/polyval-generic.o
  AR      fs/hugetlbfs/built-in.a
  CC [M]  crypto/xor.o
  CC      fs/fat/cache.o
  CC      fs/fat/dir.o
  CC [M]  crypto/simd.o
  AR      crypto/built-in.a
  LD [M]  crypto/crypto_simd.o
  CC      block/bdev.o
  CC      fs/fat/fatent.o
  CC      block/fops.o
  CC      fs/fat/file.o
  CC      block/bio.o
  CC      fs/fat/inode.o
  CC      fs/fat/misc.o
  CC      block/elevator.o
  CC      fs/fat/nfs.o
  CC      block/blk-core.o
  CC      fs/fat/namei_vfat.o
  AR      fs/fat/built-in.a
  CC      fs/ecryptfs/dentry.o
  CC      fs/ecryptfs/file.o
  CC      block/blk-sysfs.o
  CC      fs/ecryptfs/inode.o
  CC      block/blk-flush.o
  CC      fs/ecryptfs/main.o
  CC      fs/ecryptfs/super.o
  CC      block/blk-settings.o
  CC      fs/ecryptfs/mmap.o
  CC      fs/ecryptfs/read_write.o
  CC      block/blk-ioc.o
  CC      fs/ecryptfs/crypto.o
  CC      block/blk-map.o
  CC      fs/ecryptfs/keystore.o
  CC      block/blk-merge.o
  CC      fs/ecryptfs/kthread.o
  CC      fs/ecryptfs/debug.o
  CC      block/blk-timeout.o
  CC      fs/ecryptfs/messaging.o
  CC      fs/ecryptfs/miscdev.o
  CC      block/blk-lib.o
  AR      fs/ecryptfs/built-in.a
  CC      fs/exportfs/expfs.o
  CC      block/blk-mq.o
  AR      fs/exportfs/built-in.a
  CC      fs/nls/nls_base.o
  CC      fs/nls/nls_cp437.o
  AR      fs/nls/built-in.a
  CC      fs/unicode/utf8-norm.o
  CC      fs/unicode/utf8-core.o
  CC      fs/unicode/utf8data.o
  AR      fs/unicode/built-in.a
  CC      block/blk-mq-tag.o
  CC      fs/fuse/dev.o
  CC      block/blk-stat.o
  CC      fs/fuse/dir.o
  CC      block/blk-mq-sysfs.o
  CC      block/blk-mq-cpumap.o
  CC      fs/fuse/file.o
  CC      block/blk-mq-sched.o
  CC      block/ioctl.o
  CC      fs/fuse/inode.o
  CC      block/genhd.o
  CC      fs/fuse/control.o
  CC      block/ioprio.o
  CC      fs/fuse/xattr.o
  CC      block/badblocks.o
  CC      fs/fuse/acl.o
  CC      fs/fuse/readdir.o
  CC      block/partitions/core.o
  CC      fs/fuse/ioctl.o
  CC      block/partitions/amiga.o
  CC      fs/fuse/iomode.o
  CC      block/partitions/atari.o
  CC      fs/fuse/passthrough.o
  CC      block/partitions/aix.o
  AR      fs/fuse/built-in.a
  CC      fs/debugfs/inode.o
  CC      block/partitions/cmdline.o
  CC      block/partitions/mac.o
  CC      fs/debugfs/file.o
  CC      block/partitions/ldm.o
  CC      block/partitions/msdos.o
  AR      fs/debugfs/built-in.a
  CC      fs/tracefs/inode.o
  CC      block/partitions/osf.o
  CC      fs/tracefs/event_inode.o
  CC      block/partitions/sgi.o
  AR      fs/tracefs/built-in.a
  CC      fs/pstore/inode.o
  CC      block/partitions/sun.o
  CC      fs/pstore/platform.o
  CC      block/partitions/ultrix.o
  CC      block/partitions/efi.o
  AR      fs/pstore/built-in.a
  CC      fs/efivarfs/inode.o
  CC      fs/efivarfs/file.o
  CC      block/partitions/karma.o
  CC      fs/efivarfs/super.o
  CC      block/partitions/sysv68.o
  AR      block/partitions/built-in.a
  CC      fs/efivarfs/vars.o
  CC      block/blk-rq-qos.o
  CC      block/disk-events.o
  AR      fs/efivarfs/built-in.a
  CC      fs/bpf_fs_kfuncs.o
  CC [M]  fs/binfmt_misc.o
  CC      block/blk-ia-ranges.o
  CC [M]  fs/autofs/init.o
  CC      block/early-lookup.o
  CC [M]  fs/autofs/inode.o
  CC      block/bsg.o
  CC [M]  fs/autofs/root.o
  CC      block/bsg-lib.o
  CC [M]  fs/autofs/symlink.o
  CC [M]  fs/autofs/waitq.o
  CC      block/blk-cgroup.o
  CC [M]  fs/autofs/expire.o
  CC [M]  fs/autofs/dev-ioctl.o
  CC      block/blk-cgroup-rwstat.o
  LD [M]  fs/autofs/autofs4.o
  CC [M]  fs/btrfs/super.o
  CC      block/blk-throttle.o
  CC      block/blk-ioprio.o
  CC      block/blk-iocost.o
  CC      block/mq-deadline.o
  CC      block/bio-integrity.o
  CC      block/blk-integrity.o
  CC [M]  fs/btrfs/ctree.o
  CC      block/t10-pi.o
  CC      block/blk-mq-pci.o
  CC [M]  fs/btrfs/extent-tree.o
  CC      block/blk-mq-virtio.o
  CC      block/blk-zoned.o
  CC      block/blk-wbt.o
  CC [M]  fs/btrfs/print-tree.o
  CC [M]  fs/btrfs/root-tree.o
  CC      block/blk-mq-debugfs.o
  CC [M]  fs/btrfs/dir-item.o
  CC      block/sed-opal.o
  CC [M]  fs/btrfs/file-item.o
  CC [M]  fs/btrfs/inode-item.o
  CC      block/blk-pm.o
  CC [M]  fs/btrfs/disk-io.o
  CC      block/blk-crypto.o
  CC      block/blk-crypto-profile.o
  CC      block/blk-crypto-sysfs.o
  CC [M]  fs/btrfs/transaction.o
  CC      block/blk-crypto-fallback.o
  CC      block/holder.o
  CC [M]  fs/btrfs/inode.o
  AR      block/built-in.a
  CC      io_uring/io_uring.o
  CC [M]  fs/btrfs/file.o
  CC      io_uring/opdef.o
  CC      io_uring/kbuf.o
  CC      io_uring/rsrc.o
  CC [M]  fs/btrfs/defrag.o
  CC      io_uring/notif.o
  CC [M]  fs/btrfs/extent_map.o
  CC      io_uring/tctx.o
  CC [M]  fs/btrfs/sysfs.o
  CC      io_uring/filetable.o
  CC      io_uring/rw.o
  CC [M]  fs/btrfs/accessors.o
  CC      io_uring/net.o
  CC [M]  fs/btrfs/xattr.o
  CC      io_uring/poll.o
  CC [M]  fs/btrfs/ordered-data.o
  CC      io_uring/eventfd.o
  CC [M]  fs/btrfs/extent_io.o
  CC      io_uring/uring_cmd.o
  CC      io_uring/openclose.o
  CC [M]  fs/btrfs/volumes.o
  CC      io_uring/sqpoll.o
  CC      io_uring/xattr.o
  CC      io_uring/nop.o
  CC      io_uring/fs.o
  CC      io_uring/splice.o
  CC [M]  fs/btrfs/async-thread.o
  CC      io_uring/sync.o
  CC [M]  fs/btrfs/ioctl.o
  CC      io_uring/msg_ring.o
  CC      io_uring/advise.o
  CC      io_uring/epoll.o
  CC [M]  fs/btrfs/locking.o
  CC      io_uring/statx.o
  CC      io_uring/timeout.o
  CC [M]  fs/btrfs/orphan.o
  CC [M]  fs/btrfs/export.o
  CC      io_uring/fdinfo.o
  CC      io_uring/cancel.o
  CC [M]  fs/btrfs/tree-log.o
  CC      io_uring/waitid.o
  CC      io_uring/register.o
  CC      io_uring/truncate.o
  CC [M]  fs/btrfs/free-space-cache.o
  CC      io_uring/memmap.o
  CC      io_uring/io-wq.o
  CC [M]  fs/btrfs/zlib.o
  CC      io_uring/futex.o
  CC [M]  fs/btrfs/lzo.o
  CC      io_uring/napi.o
  CC [M]  fs/btrfs/zstd.o
  AR      io_uring/built-in.a
  CC      lib/argv_split.o
  CC      lib/bug.o
  CC [M]  fs/btrfs/compression.o
  CC      lib/buildid.o
  CC      lib/clz_tab.o
  CC      lib/cmdline.o
  CC [M]  fs/btrfs/delayed-ref.o
  CC      lib/cpumask.o
  CC      lib/ctype.o
  CC      lib/dec_and_lock.o
  CC [M]  fs/btrfs/relocation.o
  CC      lib/decompress.o
  CC      lib/decompress_bunzip2.o
  CC      lib/decompress_inflate.o
  CC      lib/decompress_unlz4.o
  CC      lib/decompress_unlzma.o
  CC      lib/decompress_unlzo.o
  CC [M]  fs/btrfs/delayed-inode.o
  CC      lib/decompress_unxz.o
  CC      lib/decompress_unzstd.o
  CC      lib/dump_stack.o
  CC [M]  fs/btrfs/scrub.o
  CC      lib/earlycpio.o
  CC      lib/extable.o
  CC      lib/flex_proportions.o
  CC      lib/idr.o
  CC [M]  fs/btrfs/backref.o
  CC      lib/irq_regs.o
  CC      lib/is_single_threaded.o
  CC      lib/klist.o
  CC      lib/kobject.o
  CC [M]  fs/btrfs/ulist.o
  CC [M]  fs/btrfs/qgroup.o
  CC      lib/kobject_uevent.o
  CC      lib/logic_pio.o
  CC      lib/maple_tree.o
  CC [M]  fs/btrfs/send.o
lib/maple_tree.c: In function ‘mas_wr_spanning_store’:
lib/maple_tree.c:3785:1: warning: the frame size of 1040 bytes is larger than 1024 bytes [-Wframe-larger-than=]
 3785 | }
      | ^
lib/maple_tree.c: In function ‘mas_wr_bnode’:
lib/maple_tree.c:4047:1: warning: the frame size of 1040 bytes is larger than 1024 bytes [-Wframe-larger-than=]
 4047 | }
      | ^
  CC [M]  fs/btrfs/dev-replace.o
  CC      lib/memcat_p.o
  CC      lib/nmi_backtrace.o
  CC [M]  fs/btrfs/raid56.o
  CC      lib/objpool.o
  CC      lib/plist.o
  CC      lib/radix-tree.o
  CC [M]  fs/btrfs/uuid-tree.o
  CC      lib/ratelimit.o
  CC [M]  fs/btrfs/props.o
  CC      lib/rbtree.o
  CC      lib/seq_buf.o
  CC [M]  fs/btrfs/free-space-tree.o
  CC      lib/siphash.o
  CC      lib/string.o
  CC      lib/timerqueue.o
  CC [M]  fs/btrfs/tree-checker.o
  CC      lib/union_find.o
  CC      lib/vsprintf.o
  CC [M]  fs/btrfs/space-info.o
  CC [M]  fs/btrfs/block-rsv.o
  CC      lib/win_minmax.o
  CC [M]  fs/btrfs/delalloc-space.o
  CC      lib/xarray.o
  CC [M]  fs/btrfs/block-group.o
  CC      lib/lockref.o
  CC      lib/bcd.o
  CC      lib/sort.o
  CC      lib/parser.o
  CC      lib/debug_locks.o
  CC      lib/random32.o
  CC [M]  fs/btrfs/discard.o
  CC      lib/bust_spinlocks.o
  CC      lib/kasprintf.o
  CC [M]  fs/btrfs/reflink.o
  CC      lib/bitmap.o
  CC [M]  fs/btrfs/subpage.o
  CC      lib/scatterlist.o
  CC [M]  fs/btrfs/tree-mod-log.o
  CC      lib/list_sort.o
  CC      lib/uuid.o
  CC      lib/iov_iter.o
  CC [M]  fs/btrfs/extent-io-tree.o
  CC [M]  fs/btrfs/fs.o
  CC [M]  fs/btrfs/messages.o
  CC      lib/clz_ctz.o
  CC      lib/bsearch.o
  CC [M]  fs/btrfs/bio.o
  CC      lib/find_bit.o
  CC      lib/llist.o
  CC      lib/lwq.o
  CC [M]  fs/btrfs/lru_cache.o
  CC      lib/memweight.o
  CC      lib/kfifo.o
  CC [M]  fs/btrfs/raid-stripe-tree.o
  CC      lib/percpu-refcount.o
  CC [M]  fs/btrfs/fiemap.o
  CC      lib/rhashtable.o
  CC [M]  fs/btrfs/direct-io.o
  CC      lib/base64.o
  CC [M]  fs/btrfs/acl.o
  CC      lib/once.o
  CC [M]  fs/btrfs/zoned.o
  CC      lib/refcount.o
  CC      lib/rcuref.o
  CC      lib/usercopy.o
  CC      lib/errseq.o
  CC      lib/bucket_locks.o
  CC [M]  fs/btrfs/verity.o
  CC      lib/generic-radix-tree.o
  CC      lib/bitmap-str.o
  LD [M]  fs/btrfs/btrfs.o
  AR      fs/built-in.a
  AS      arch/x86/lib/clear_page_64.o
  CC      lib/string_helpers.o
  CC      arch/x86/lib/cmdline.o
  AS      arch/x86/lib/cmpxchg16b_emu.o
  CC      arch/x86/lib/copy_mc.o
  AS      arch/x86/lib/copy_mc_64.o
  AS      arch/x86/lib/copy_page_64.o
  AS      arch/x86/lib/copy_user_64.o
  CC      lib/hexdump.o
  CC      lib/kstrtox.o
  AS      arch/x86/lib/copy_user_uncached_64.o
  CC      arch/x86/lib/cpu.o
  CC      lib/math/div64.o
  CC      lib/math/gcd.o
  CC      lib/math/lcm.o
  CC      lib/math/int_log.o
  CC      lib/math/int_pow.o
  CC      lib/math/int_sqrt.o
  CC      lib/math/reciprocal_div.o
  CC      lib/math/rational.o
  AS      arch/x86/lib/csum-copy_64.o
  CC      arch/x86/lib/csum-partial_64.o
  CC      arch/x86/lib/csum-wrappers_64.o
  CC      arch/x86/lib/delay.o
  AR      lib/math/built-in.a
  CC      lib/crypto/memneq.o
  CC      arch/x86/lib/error-inject.o
  CC      lib/crypto/utils.o
  AS      arch/x86/lib/getuser.o
  CC      arch/x86/lib/inat.o
  CC      arch/x86/lib/insn-eval.o
  CC      lib/crypto/chacha.o
  CC      lib/crypto/aes.o
  CC      arch/x86/lib/insn.o
  CC      arch/x86/lib/kaslr.o
  CC      lib/crypto/gf128mul.o
  AS      arch/x86/lib/memcpy_64.o
  AS      arch/x86/lib/memmove_64.o
  AS      arch/x86/lib/memset_64.o
  CC      lib/crypto/blake2s.o
  CC      arch/x86/lib/misc.o
  CC      arch/x86/lib/pc-conf-reg.o
  AS      arch/x86/lib/putuser.o
  AS      arch/x86/lib/retpoline.o
  CC      lib/crypto/blake2s-generic.o
  CC      arch/x86/lib/usercopy.o
  CC      lib/crypto/sha1.o
  CC      arch/x86/lib/usercopy_64.o
  CC      lib/crypto/sha256.o
  CC      arch/x86/lib/msr-smp.o
  CC      arch/x86/lib/cache-smp.o
  CC      lib/crypto/mpi/generic_mpih-lshift.o
  CC      arch/x86/lib/msr.o
  CC      lib/crypto/mpi/generic_mpih-mul1.o
  CC      lib/crypto/mpi/generic_mpih-mul2.o
  AS      arch/x86/lib/msr-reg.o
  CC      arch/x86/lib/msr-reg-export.o
  CC      lib/crypto/mpi/generic_mpih-mul3.o
  AS      arch/x86/lib/hweight.o
  CC      lib/crypto/mpi/generic_mpih-rshift.o
  CC      arch/x86/lib/iomem.o
  CC      lib/crypto/mpi/generic_mpih-sub1.o
  AR      arch/x86/lib/lib.a
  AR      arch/x86/lib/built-in.a
  CC      drivers/phy/phy-core.o
  CC      lib/crypto/mpi/generic_mpih-add1.o
  CC      lib/crypto/mpi/mpicoder.o
  AR      drivers/phy/built-in.a
  CC      lib/crypto/mpi/mpi-add.o
  CC      drivers/pinctrl/core.o
  CC      lib/crypto/mpi/mpi-bit.o
  CC      drivers/pinctrl/pinctrl-utils.o
  CC      lib/crypto/mpi/mpi-cmp.o
  CC      drivers/pinctrl/pinmux.o
  CC      lib/crypto/mpi/mpi-sub-ui.o
  CC      drivers/pinctrl/pinconf.o
  CC      lib/crypto/mpi/mpi-div.o
  CC      drivers/pinctrl/pinconf-generic.o
  CC      lib/crypto/mpi/mpi-mod.o
  CC      drivers/pinctrl/pinctrl-amd.o
  CC      lib/crypto/mpi/mpi-mul.o
  CC      lib/crypto/mpi/mpih-cmp.o
  CC      drivers/pinctrl/pinctrl-sx150x.o
  CC      lib/crypto/mpi/mpih-div.o
  CC      drivers/pinctrl/intel/pinctrl-baytrail.o
  CC      lib/crypto/mpi/mpih-mul.o
  CC      lib/crypto/mpi/mpi-pow.o
  CC      drivers/pinctrl/intel/pinctrl-cherryview.o
  CC      lib/crypto/mpi/mpiutil.o
  CC      drivers/pinctrl/intel/pinctrl-intel.o
  AR      lib/crypto/mpi/built-in.a
  AR      lib/crypto/built-in.a
  CC      lib/iomap.o
  AR      drivers/pinctrl/intel/built-in.a
  AR      drivers/pinctrl/built-in.a
  CC      drivers/gpio/gpiolib.o
  CC      lib/iomap_copy.o
  CC      lib/devres.o
  CC      lib/interval_tree.o
  CC      lib/assoc_array.o
  CC      lib/bitrev.o
  CC      drivers/gpio/gpiolib-devres.o
  CC      lib/linear_ranges.o
  CC      drivers/gpio/gpiolib-legacy.o
  CC      lib/packing.o
  CC      drivers/gpio/gpiolib-cdev.o
  CC      lib/crc-ccitt.o
  CC      lib/crc16.o
  CC      drivers/gpio/gpiolib-sysfs.o
  CC      lib/crc-t10dif.o
  CC      drivers/gpio/gpiolib-acpi-core.o
  CC      lib/crc32.o
  CC      lib/crc64.o
  CC      drivers/gpio/gpiolib-acpi-quirks.o
  CC      drivers/gpio/gpiolib-swnode.o
  CC      lib/crc64-rocksoft.o
  CC      drivers/gpio/gpio-mmio.o
  CC      lib/xxhash.o
  CC      drivers/gpio/gpio-crystalcove.o
  CC      lib/genalloc.o
  CC      drivers/gpio/gpio-palmas.o
  CC      drivers/gpio/gpio-rc5t583.o
  CC      lib/zlib_inflate/inffast.o
  CC      lib/zlib_inflate/inflate.o
  CC      drivers/gpio/gpio-tps6586x.o
  CC      lib/zlib_inflate/infutil.o
  CC      lib/zlib_inflate/inftrees.o
  CC      drivers/gpio/gpio-tps65910.o
  CC      lib/zlib_inflate/inflate_syms.o
  AR      drivers/gpio/built-in.a
  CC      drivers/pwm/core.o
  AR      lib/zlib_inflate/built-in.a
  CC      lib/zlib_deflate/deflate.o
  CC      lib/zlib_deflate/deftree.o
  CC      lib/zlib_deflate/deflate_syms.o
  CC      drivers/pwm/pwm-crc.o
  AR      lib/zlib_deflate/built-in.a
  CC      lib/lzo/lzo1x_compress.o
  CC      drivers/pwm/pwm-lpss.o
  CC      lib/lzo/lzo1x_compress_safe.o
  CC      drivers/pwm/pwm-lpss-pci.o
  CC      drivers/pwm/pwm-lpss-platform.o
  CC      lib/lzo/lzo1x_decompress_safe.o
  AR      drivers/pwm/built-in.a
  CC      drivers/leds/led-core.o
  AR      lib/lzo/built-in.a
  CC      lib/lz4/lz4_decompress.o
  CC      drivers/leds/led-class.o
  AR      lib/lz4/built-in.a
  CC      lib/zstd/zstd_compress_module.o
  CC      drivers/leds/led-triggers.o
  CC      lib/zstd/compress/fse_compress.o
  CC      drivers/leds/trigger/ledtrig-disk.o
  CC      lib/zstd/compress/hist.o
  CC      lib/zstd/compress/huf_compress.o
  CC      drivers/leds/trigger/ledtrig-cpu.o
  CC      drivers/leds/trigger/ledtrig-panic.o
  CC      lib/zstd/compress/zstd_compress.o
  AR      drivers/leds/trigger/built-in.a
  AR      drivers/leds/built-in.a
  CC      drivers/pci/access.o
  CC      drivers/pci/bus.o
  CC      lib/zstd/compress/zstd_compress_literals.o
  CC      lib/zstd/compress/zstd_compress_sequences.o
  CC      lib/zstd/compress/zstd_compress_superblock.o
  CC      drivers/pci/probe.o
  CC      lib/zstd/compress/zstd_double_fast.o
  CC      drivers/pci/host-bridge.o
  CC      lib/zstd/compress/zstd_fast.o
  CC      drivers/pci/remove.o
  CC      drivers/pci/pci.o
  CC      lib/zstd/compress/zstd_lazy.o
  CC      drivers/pci/pci-driver.o
  CC      drivers/pci/search.o
  CC      drivers/pci/rebar.o
  CC      drivers/pci/rom.o
  CC      drivers/pci/setup-res.o
  CC      drivers/pci/irq.o
  CC      drivers/pci/vpd.o
  CC      drivers/pci/setup-bus.o
  CC      lib/zstd/compress/zstd_ldm.o
  CC      lib/zstd/compress/zstd_opt.o
  CC      drivers/pci/vc.o
  CC      drivers/pci/mmap.o
  CC      drivers/pci/devres.o
  CC      lib/zstd/zstd_decompress_module.o
  CC      drivers/pci/msi/pcidev_msi.o
  CC      lib/zstd/decompress/huf_decompress.o
  CC      drivers/pci/msi/api.o
  CC      drivers/pci/msi/msi.o
  CC      lib/zstd/decompress/zstd_ddict.o
  CC      lib/zstd/decompress/zstd_decompress.o
  CC      lib/zstd/decompress/zstd_decompress_block.o
  CC      drivers/pci/msi/irqdomain.o
  AR      drivers/pci/msi/built-in.a
  CC      drivers/pci/pcie/portdrv.o
  CC      lib/zstd/zstd_common_module.o
  CC      drivers/pci/pcie/rcec.o
  CC      drivers/pci/pcie/aspm.o
  CC      lib/zstd/common/debug.o
  CC      lib/zstd/common/entropy_common.o
  CC      lib/zstd/common/error_private.o
  CC      lib/zstd/common/fse_decompress.o
  CC      lib/zstd/common/zstd_common.o
  AR      lib/zstd/built-in.a
  CC      lib/xz/xz_dec_syms.o
  CC      drivers/pci/pcie/aer.o
  CC      lib/xz/xz_dec_stream.o
  CC      lib/xz/xz_dec_lzma2.o
  CC      drivers/pci/pcie/err.o
  CC      lib/xz/xz_dec_bcj.o
  AR      lib/xz/built-in.a
  CC      lib/percpu_counter.o
  CC      drivers/pci/pcie/pme.o
  CC      drivers/pci/pcie/dpc.o
  CC      lib/iommu-helper.o
  CC      lib/error-inject.o
  CC      drivers/pci/pcie/ptm.o
  CC      lib/syscall.o
  CC      lib/dynamic_debug.o
  CC      drivers/pci/pcie/edr.o
  AR      drivers/pci/pcie/built-in.a
  CC      drivers/pci/proc.o
  CC      drivers/pci/pci-sysfs.o
  CC      lib/errname.o
  CC      lib/nlattr.o
  CC      drivers/pci/slot.o
  CC      lib/cpu_rmap.o
  CC      drivers/pci/pci-acpi.o
  CC      lib/dynamic_queue_limits.o
  CC      drivers/pci/iomap.o
  CC      lib/glob.o
  CC      drivers/pci/quirks.o
  CC      lib/dim/dim.o
  CC      lib/dim/net_dim.o
  CC      lib/dim/rdma_dim.o
  CC      drivers/pci/hotplug/pci_hotplug_core.o
  AR      lib/dim/built-in.a
  CC      lib/digsig.o
  CC      drivers/pci/hotplug/cpci_hotplug_core.o
  CC      lib/strncpy_from_user.o
  CC      drivers/pci/hotplug/cpci_hotplug_pci.o
  CC      lib/strnlen_user.o
  CC      drivers/pci/hotplug/acpi_pcihp.o
  CC      lib/net_utils.o
  CC      drivers/pci/hotplug/pciehp_core.o
  CC      lib/sg_pool.o
  CC      drivers/pci/hotplug/pciehp_ctrl.o
  CC      lib/memregion.o
  CC      drivers/pci/hotplug/pciehp_pci.o
  CC      lib/irq_poll.o
  CC      drivers/pci/hotplug/pciehp_hpc.o
  CC      lib/stackdepot.o
  CC      drivers/pci/hotplug/shpchp_core.o
  CC      lib/bootconfig.o
  CC      drivers/pci/hotplug/shpchp_ctrl.o
  CC      lib/asn1_decoder.o
  CC      drivers/pci/hotplug/shpchp_pci.o
  CC      drivers/pci/hotplug/shpchp_sysfs.o
  CC      lib/asn1_encoder.o
  CC      drivers/pci/hotplug/shpchp_hpc.o
  CC      lib/fonts/fonts.o
  CC      drivers/pci/hotplug/acpiphp_core.o
  CC      lib/fonts/font_8x8.o
  CC      lib/fonts/font_8x16.o
  CC      drivers/pci/hotplug/acpiphp_glue.o
  CC      lib/fonts/font_acorn_8x8.o
  CC      lib/fonts/font_6x10.o
  CC      lib/fonts/font_ter16x32.o
  AR      lib/fonts/built-in.a
  CC      lib/oid_registry.o
  AR      drivers/pci/hotplug/built-in.a
  CC      drivers/pci/ats.o
  CC      lib/ucs2_string.o
  CC      drivers/pci/iov.o
  CC      lib/ubsan.o
  CC      lib/sbitmap.o
  CC      drivers/pci/pci-label.o
  CC      drivers/pci/p2pdma.o
  CC      lib/group_cpus.o
  CC      lib/fw_table.o
  CC      drivers/pci/vgaarb.o
  CC [M]  lib/libcrc32c.o
  CC [M]  lib/raid6/algos.o
  CC      drivers/pci/endpoint/pci-ep-cfs.o
  CC [M]  lib/raid6/recov.o
  CC      drivers/pci/endpoint/pci-epc-core.o
  CC [M]  lib/raid6/tables.o
  CC      drivers/pci/endpoint/pci-epf-core.o
  CC [M]  lib/raid6/int1.o
  CC [M]  lib/raid6/int2.o
  CC      drivers/pci/endpoint/pci-epc-mem.o
  CC [M]  lib/raid6/int4.o
  CC [M]  lib/raid6/int8.o
  AR      drivers/pci/endpoint/built-in.a
  CC      drivers/pci/controller/dwc/pcie-designware.o
  CC [M]  lib/raid6/recov_ssse3.o
  CC [M]  lib/raid6/recov_avx2.o
  CC      drivers/pci/controller/dwc/pcie-designware-host.o
  CC [M]  lib/raid6/mmx.o
  CC [M]  lib/raid6/sse1.o
  CC [M]  lib/raid6/sse2.o
  CC [M]  lib/raid6/avx2.o
  CC      drivers/pci/controller/dwc/pcie-designware-ep.o
  CC [M]  lib/raid6/avx512.o
  CC [M]  lib/raid6/recov_avx512.o
  CC      drivers/pci/controller/dwc/pcie-designware-plat.o
  LD [M]  lib/raid6/raid6_pq.o
  TEST    lib/test_fortify/read_overflow-memchr.log
  AR      drivers/pci/controller/dwc/built-in.a
  AR      drivers/pci/controller/built-in.a
  AR      drivers/pci/built-in.a
  CC      drivers/rapidio/rio.o
  TEST    lib/test_fortify/read_overflow-memchr_inv.log
  TEST    lib/test_fortify/read_overflow-memcmp.log
  TEST    lib/test_fortify/read_overflow-memscan.log
  TEST    lib/test_fortify/read_overflow2-memcmp.log
  TEST    lib/test_fortify/read_overflow2-memcpy.log
  CC      drivers/rapidio/rio-access.o
  TEST    lib/test_fortify/read_overflow2-memmove.log
  TEST    lib/test_fortify/read_overflow2_field-memcpy.log
  TEST    lib/test_fortify/read_overflow2_field-memmove.log
  TEST    lib/test_fortify/write_overflow-memcpy.log
  CC      drivers/rapidio/rio-driver.o
  TEST    lib/test_fortify/write_overflow-memmove.log
  TEST    lib/test_fortify/write_overflow-memset.log
  TEST    lib/test_fortify/write_overflow-strcpy-lit.log
  CC      drivers/rapidio/rio-sysfs.o
  TEST    lib/test_fortify/write_overflow-strcpy.log
  TEST    lib/test_fortify/write_overflow-strncpy-src.log
  AR      drivers/rapidio/built-in.a
  CC      drivers/video/aperture.o
  TEST    lib/test_fortify/write_overflow-strncpy.log
  TEST    lib/test_fortify/write_overflow-strscpy.log
  TEST    lib/test_fortify/write_overflow_field-memcpy.log
  TEST    lib/test_fortify/write_overflow_field-memmove.log
  TEST    lib/test_fortify/write_overflow_field-memset.log
  CC      drivers/video/screen_info_generic.o
  CAT     lib/test_fortify/test_fortify.log
  AR      lib/lib.a
  CC      drivers/video/screen_info_pci.o
  AR      lib/built-in.a
  CC      drivers/idle/intel_idle.o
  CC      drivers/video/cmdline.o
  AR      drivers/idle/built-in.a
  CC [M]  sound/sound_core.o
  CC      drivers/video/nomodeset.o
  CC [M]  sound/ac97_bus.o
  CC      drivers/video/hdmi.o
  CC [M]  sound/core/sound.o
  CC      drivers/video/console/dummycon.o
  CC [M]  sound/core/init.o
  CC      drivers/video/console/vgacon.o
  CC [M]  sound/core/memory.o
  AR      drivers/video/console/built-in.a
  CC      drivers/video/backlight/backlight.o
  CC [M]  sound/core/control.o
  AR      drivers/video/backlight/built-in.a
  CC      drivers/video/fbdev/core/fb_notify.o
  CC [M]  sound/core/misc.o
  CC      drivers/video/fbdev/core/fb_info.o
  CC [M]  sound/core/device.o
  CC      drivers/video/fbdev/core/fbmem.o
  CC [M]  sound/core/info.o
  CC [M]  sound/core/info_oss.o
  CC      drivers/video/fbdev/core/fbcmap.o
  CC [M]  sound/core/isadma.o
  CC      drivers/video/fbdev/core/modedb.o
  CC [M]  sound/core/sound_oss.o
  CC [M]  sound/core/vmaster.o
  CC      drivers/video/fbdev/core/fbcvt.o
  CC [M]  sound/core/timer.o
  CC      drivers/video/fbdev/core/fb_cmdline.o
  CC      drivers/video/fbdev/core/fb_backlight.o
  CC [M]  sound/core/hrtimer.o
  CC      drivers/video/fbdev/core/fbmon.o
  CC [M]  sound/core/pcm.o
  CC      drivers/video/fbdev/core/fb_defio.o
  CC [M]  sound/core/pcm_native.o
  CC      drivers/video/fbdev/core/fb_chrdev.o
  CC      drivers/video/fbdev/core/fb_procfs.o
  CC      drivers/video/fbdev/core/fbsysfs.o
  CC [M]  sound/core/pcm_lib.o
  CC      drivers/video/fbdev/core/fbcon.o
  CC [M]  sound/core/pcm_misc.o
  CC [M]  sound/core/pcm_memory.o
  CC      drivers/video/fbdev/core/bitblit.o
  CC [M]  sound/core/memalloc.o
  CC      drivers/video/fbdev/core/softcursor.o
  CC      drivers/video/fbdev/core/tileblit.o
  CC [M]  sound/core/pcm_timer.o
  CC      drivers/video/fbdev/core/fbcon_rotate.o
  CC [M]  sound/core/seq_device.o
  CC      drivers/video/fbdev/core/fbcon_cw.o
  CC [M]  sound/core/rawmidi.o
  CC      drivers/video/fbdev/core/fbcon_ud.o
  CC      drivers/video/fbdev/core/fbcon_ccw.o
  CC [M]  sound/core/seq/seq.o
  CC      drivers/video/fbdev/core/cfbfillrect.o
  CC [M]  sound/core/seq/seq_lock.o
  CC [M]  sound/core/seq/seq_clientmgr.o
  CC      drivers/video/fbdev/core/cfbcopyarea.o
  CC [M]  sound/core/seq/seq_memory.o
  CC      drivers/video/fbdev/core/cfbimgblt.o
  CC [M]  sound/core/seq/seq_queue.o
  CC      drivers/video/fbdev/core/fb_io_fops.o
  CC [M]  sound/core/seq/seq_fifo.o
  CC      drivers/video/fbdev/core/sysfillrect.o
  CC [M]  sound/core/seq/seq_prioq.o
  CC [M]  sound/core/seq/seq_timer.o
  CC      drivers/video/fbdev/core/syscopyarea.o
  CC [M]  sound/core/seq/seq_system.o
  CC [M]  sound/core/seq/seq_ports.o
  CC      drivers/video/fbdev/core/sysimgblt.o
  CC [M]  sound/core/seq/seq_info.o
  CC      drivers/video/fbdev/core/fb_sys_fops.o
  CC [M]  sound/core/seq/seq_ump_convert.o
  CC [M]  sound/core/seq/seq_dummy.o
  AR      drivers/video/fbdev/core/built-in.a
  CC      drivers/video/fbdev/imsttfb.o
  CC [M]  sound/core/seq/seq_midi.o
  CC      drivers/video/fbdev/asiliantfb.o
  CC [M]  sound/core/seq/seq_midi_event.o
  AR      drivers/video/fbdev/built-in.a
  AR      drivers/video/built-in.a
  LD [M]  sound/core/seq/snd-seq.o
  LD [M]  sound/core/seq/snd-seq-dummy.o
  LD [M]  sound/core/seq/snd-seq-midi.o
  LD [M]  sound/core/seq/snd-seq-midi-event.o
  LD [M]  sound/core/snd.o
  LD [M]  sound/core/snd-timer.o
  LD [M]  sound/core/snd-hrtimer.o
  LD [M]  sound/core/snd-pcm.o
  LD [M]  sound/core/snd-seq-device.o
  LD [M]  sound/core/snd-rawmidi.o
  CC [M]  sound/pci/ens1371.o
  CC      drivers/acpi/tables.o
  CC      drivers/acpi/osi.o
  CC [M]  sound/pci/ac97/ac97_codec.o
  CC      drivers/acpi/osl.o
  CC      drivers/acpi/utils.o
  CC [M]  sound/pci/ac97/ac97_pcm.o
  CC      drivers/acpi/reboot.o
  CC [M]  sound/pci/ac97/ac97_proc.o
  CC      drivers/acpi/nvs.o
  CC      drivers/acpi/wakeup.o
  LD [M]  sound/pci/ac97/snd-ac97-codec.o
  LD [M]  sound/pci/snd-ens1371.o
  LD [M]  sound/soundcore.o
  CC      net/devres.o
  CC      drivers/acpi/sleep.o
  CC      net/socket.o
  CC      drivers/acpi/device_sysfs.o
  CC      drivers/acpi/device_pm.o
  CC      drivers/acpi/proc.o
  CC      net/core/sock.o
  CC      drivers/acpi/bus.o
  CC      drivers/acpi/glue.o
  CC      drivers/acpi/scan.o
  CC      net/core/request_sock.o
  CC      net/core/skbuff.o
  CC      drivers/acpi/mipi-disco-img.o
  CC      drivers/acpi/resource.o
  CC      drivers/acpi/acpi_processor.o
  CC      drivers/acpi/processor_core.o
  CC      drivers/acpi/processor_pdc.o
  CC      drivers/acpi/ec.o
  CC      net/core/datagram.o
  CC      drivers/acpi/dock.o
  CC      drivers/acpi/pci_root.o
  CC      net/core/stream.o
  CC      drivers/acpi/pci_link.o
  CC      net/core/scm.o
  CC      drivers/acpi/pci_irq.o
  CC      drivers/acpi/acpi_apd.o
  CC      drivers/acpi/acpi_platform.o
  CC      net/core/gen_stats.o
  CC      drivers/acpi/acpi_pnp.o
  CC      net/core/gen_estimator.o
  CC      drivers/acpi/power.o
  CC      net/core/net_namespace.o
  CC      drivers/acpi/event.o
  CC      drivers/acpi/evged.o
  CC      net/core/secure_seq.o
  CC      drivers/acpi/sysfs.o
  CC      drivers/acpi/property.o
  CC      net/core/flow_dissector.o
  CC      drivers/acpi/debugfs.o
  CC      drivers/acpi/acpi_lpat.o
  CC      drivers/acpi/acpi_fpdt.o
  CC      net/core/sysctl_net_core.o
  CC      drivers/acpi/acpi_lpit.o
  CC      drivers/acpi/prmt.o
  CC      net/core/dev.o
  CC      drivers/acpi/acpi_pcc.o
  CC      drivers/acpi/acpi_ffh.o
  CC      drivers/acpi/acpica/dsargs.o
  CC      drivers/acpi/acpica/dscontrol.o
  CC      drivers/acpi/acpica/dsdebug.o
  CC      drivers/acpi/acpica/dsfield.o
  CC      drivers/acpi/acpica/dsinit.o
  CC      drivers/acpi/acpica/dsmethod.o
  CC      drivers/acpi/acpica/dsmthdat.o
  CC      drivers/acpi/acpica/dsobject.o
  CC      drivers/acpi/acpica/dsopcode.o
  CC      drivers/acpi/acpica/dspkginit.o
  CC      drivers/acpi/acpica/dsutils.o
  CC      drivers/acpi/acpica/dswexec.o
  CC      drivers/acpi/acpica/dswload.o
  CC      net/core/dev_addr_lists.o
  CC      drivers/acpi/acpica/dswload2.o
  CC      drivers/acpi/acpica/dswscope.o
  CC      drivers/acpi/acpica/dswstate.o
  CC      drivers/acpi/acpica/evevent.o
  CC      net/core/dst.o
  CC      drivers/acpi/acpica/evgpe.o
  CC      drivers/acpi/acpica/evgpeblk.o
  CC      drivers/acpi/acpica/evgpeinit.o
  CC      drivers/acpi/acpica/evgpeutil.o
  CC      net/core/netevent.o
  CC      drivers/acpi/acpica/evglock.o
  CC      drivers/acpi/acpica/evhandler.o
  CC      drivers/acpi/acpica/evmisc.o
  CC      net/core/neighbour.o
  CC      drivers/acpi/acpica/evregion.o
  CC      drivers/acpi/acpica/evrgnini.o
  CC      drivers/acpi/acpica/evsci.o
  CC      drivers/acpi/acpica/evxface.o
  CC      drivers/acpi/acpica/evxfevnt.o
  CC      drivers/acpi/acpica/evxfgpe.o
  CC      net/core/rtnetlink.o
  CC      drivers/acpi/acpica/evxfregn.o
  CC      drivers/acpi/acpica/exconcat.o
  CC      drivers/acpi/acpica/exconfig.o
  CC      drivers/acpi/acpica/exconvrt.o
  CC      drivers/acpi/acpica/excreate.o
  CC      drivers/acpi/acpica/exdebug.o
  CC      drivers/acpi/acpica/exdump.o
  CC      drivers/acpi/acpica/exfield.o
  CC      drivers/acpi/acpica/exfldio.o
  CC      net/core/utils.o
  CC      drivers/acpi/acpica/exmisc.o
  CC      drivers/acpi/acpica/exmutex.o
  CC      drivers/acpi/acpica/exnames.o
  CC      drivers/acpi/acpica/exoparg1.o
  CC      net/core/link_watch.o
  CC      drivers/acpi/acpica/exoparg2.o
  CC      drivers/acpi/acpica/exoparg3.o
  CC      drivers/acpi/acpica/exoparg6.o
  CC      drivers/acpi/acpica/exprep.o
  CC      net/core/filter.o
  CC      drivers/acpi/acpica/exregion.o
  CC      drivers/acpi/acpica/exresnte.o
  CC      drivers/acpi/acpica/exresolv.o
  CC      drivers/acpi/acpica/exresop.o
  CC      drivers/acpi/acpica/exserial.o
  CC      drivers/acpi/acpica/exstore.o
  CC      drivers/acpi/acpica/exstoren.o
  CC      drivers/acpi/acpica/exstorob.o
  CC      drivers/acpi/acpica/exsystem.o
  CC      drivers/acpi/acpica/extrace.o
  CC      drivers/acpi/acpica/exutils.o
  CC      drivers/acpi/acpica/hwacpi.o
  CC      drivers/acpi/acpica/hwesleep.o
  CC      drivers/acpi/acpica/hwgpe.o
  CC      drivers/acpi/acpica/hwregs.o
  CC      drivers/acpi/acpica/hwsleep.o
  CC      drivers/acpi/acpica/hwvalid.o
  CC      drivers/acpi/acpica/hwxface.o
  CC      net/core/sock_diag.o
  CC      drivers/acpi/acpica/hwxfsleep.o
  CC      drivers/acpi/acpica/hwpci.o
  CC      drivers/acpi/acpica/nsaccess.o
  CC      net/core/dev_ioctl.o
  CC      drivers/acpi/acpica/nsalloc.o
  CC      drivers/acpi/acpica/nsarguments.o
  CC      drivers/acpi/acpica/nsconvert.o
  CC      drivers/acpi/acpica/nsdump.o
  CC      net/core/tso.o
  CC      drivers/acpi/acpica/nseval.o
  CC      drivers/acpi/acpica/nsinit.o
  CC      drivers/acpi/acpica/nsload.o
  CC      drivers/acpi/acpica/nsnames.o
  CC      net/core/sock_reuseport.o
  CC      drivers/acpi/acpica/nsobject.o
  CC      drivers/acpi/acpica/nsparse.o
  CC      drivers/acpi/acpica/nspredef.o
  CC      drivers/acpi/acpica/nsprepkg.o
  CC      drivers/acpi/acpica/nsrepair.o
  CC      net/core/fib_notifier.o
  CC      drivers/acpi/acpica/nsrepair2.o
  CC      drivers/acpi/acpica/nssearch.o
  CC      drivers/acpi/acpica/nsutils.o
  CC      net/core/xdp.o
  CC      drivers/acpi/acpica/nswalk.o
  CC      drivers/acpi/acpica/nsxfeval.o
  CC      drivers/acpi/acpica/nsxfname.o
  CC      net/core/flow_offload.o
  CC      drivers/acpi/acpica/nsxfobj.o
  CC      drivers/acpi/acpica/psargs.o
  CC      drivers/acpi/acpica/psloop.o
  CC      drivers/acpi/acpica/psobject.o
  CC      net/core/gro.o
  CC      drivers/acpi/acpica/psopcode.o
  CC      drivers/acpi/acpica/psopinfo.o
  CC      drivers/acpi/acpica/psparse.o
  CC      drivers/acpi/acpica/psscope.o
  CC      drivers/acpi/acpica/pstree.o
  CC      net/core/netdev-genl.o
  CC      drivers/acpi/acpica/psutils.o
  CC      drivers/acpi/acpica/pswalk.o
  CC      drivers/acpi/acpica/psxface.o
  CC      drivers/acpi/acpica/rsaddr.o
  CC      drivers/acpi/acpica/rscalc.o
  CC      net/core/netdev-genl-gen.o
  CC      drivers/acpi/acpica/rscreate.o
  CC      net/core/gso.o
  CC      drivers/acpi/acpica/rsdumpinfo.o
  CC      drivers/acpi/acpica/rsinfo.o
  CC      drivers/acpi/acpica/rsio.o
  CC      drivers/acpi/acpica/rsirq.o
  CC      drivers/acpi/acpica/rslist.o
  CC      net/core/net-sysfs.o
  CC      drivers/acpi/acpica/rsmemory.o
  CC      drivers/acpi/acpica/rsmisc.o
  CC      drivers/acpi/acpica/rsserial.o
  CC      drivers/acpi/acpica/rsutils.o
  CC      drivers/acpi/acpica/rsxface.o
  CC      net/core/hotdata.o
  CC      drivers/acpi/acpica/tbdata.o
  CC      drivers/acpi/acpica/tbfadt.o
  CC      drivers/acpi/acpica/tbfind.o
  CC      net/core/netdev_rx_queue.o
  CC      drivers/acpi/acpica/tbinstal.o
  CC      drivers/acpi/acpica/tbprint.o
  CC      net/core/page_pool.o
  CC      drivers/acpi/acpica/tbutils.o
  CC      drivers/acpi/acpica/tbxface.o
  CC      drivers/acpi/acpica/tbxfload.o
  CC      drivers/acpi/acpica/tbxfroot.o
  CC      net/core/page_pool_user.o
  CC      drivers/acpi/acpica/utaddress.o
  CC      drivers/acpi/acpica/utalloc.o
  CC      drivers/acpi/acpica/utascii.o
  CC      net/core/net-procfs.o
  CC      drivers/acpi/acpica/utbuffer.o
  CC      drivers/acpi/acpica/utcksum.o
  CC      net/core/fib_rules.o
  CC      drivers/acpi/acpica/utcopy.o
  CC      drivers/acpi/acpica/utexcep.o
  CC      drivers/acpi/acpica/utdebug.o
  CC      drivers/acpi/acpica/utdecode.o
  CC      net/core/net-traces.o
  CC      drivers/acpi/acpica/utdelete.o
  CC      drivers/acpi/acpica/uterror.o
  CC      drivers/acpi/acpica/uteval.o
  CC      drivers/acpi/acpica/utglobal.o
  CC      drivers/acpi/acpica/uthex.o
  CC      drivers/acpi/acpica/utids.o
  CC      drivers/acpi/acpica/utinit.o
  CC      drivers/acpi/acpica/utlock.o
  CC      drivers/acpi/acpica/utmath.o
  CC      drivers/acpi/acpica/utmisc.o
  CC      drivers/acpi/acpica/utmutex.o
  CC      drivers/acpi/acpica/utnonansi.o
  CC      drivers/acpi/acpica/utobject.o
  CC      net/core/drop_monitor.o
  CC      drivers/acpi/acpica/utosi.o
  CC      drivers/acpi/acpica/utownerid.o
  CC      drivers/acpi/acpica/utpredef.o
  CC      drivers/acpi/acpica/utresdecode.o
  CC      net/core/selftests.o
  CC      drivers/acpi/acpica/utresrc.o
  CC      drivers/acpi/acpica/utstate.o
  CC      drivers/acpi/acpica/utstring.o
  CC      drivers/acpi/acpica/utstrsuppt.o
  CC      drivers/acpi/acpica/utstrtoul64.o
  CC      net/core/timestamping.o
  CC      drivers/acpi/acpica/utxface.o
  CC      drivers/acpi/acpica/utxfinit.o
  CC      drivers/acpi/acpica/utxferror.o
  CC      net/core/ptp_classifier.o
  CC      drivers/acpi/acpica/utxfmutex.o
  CC      drivers/acpi/acpica/dbcmds.o
  CC      drivers/acpi/acpica/dbconvert.o
  CC      net/core/netprio_cgroup.o
  CC      drivers/acpi/acpica/dbdisply.o
  CC      drivers/acpi/acpica/dbexec.o
  CC      net/core/netclassid_cgroup.o
  CC      drivers/acpi/acpica/dbhistry.o
  CC      drivers/acpi/acpica/dbinput.o
  CC      drivers/acpi/acpica/dbmethod.o
  CC      net/core/lwtunnel.o
  CC      drivers/acpi/acpica/dbnames.o
  CC      drivers/acpi/acpica/dbobject.o
  CC      drivers/acpi/acpica/dbstats.o
  CC      drivers/acpi/acpica/dbutils.o
  CC      net/core/lwt_bpf.o
  CC      drivers/acpi/acpica/dbxface.o
  CC      drivers/acpi/acpica/rsdump.o
  CC      net/core/dst_cache.o
  AR      drivers/acpi/acpica/built-in.a
  CC      drivers/acpi/ac.o
  CC      drivers/acpi/button.o
  CC      net/core/failover.o
  CC      drivers/acpi/fan_core.o
  CC      drivers/acpi/fan_attr.o
  CC      net/core/skmsg.o
  CC      drivers/acpi/fan_hwmon.o
  CC      drivers/acpi/pci_slot.o
  CC      drivers/acpi/processor_driver.o
  CC      drivers/acpi/processor_thermal.o
  CC      net/core/sock_map.o
  CC      drivers/acpi/processor_idle.o
  CC      drivers/acpi/processor_throttling.o
  CC      drivers/acpi/processor_perflib.o
  CC      net/core/bpf_sk_storage.o
  CC      drivers/acpi/container.o
  CC      drivers/acpi/thermal_lib.o
  CC      net/core/devmem.o
  CC      drivers/acpi/thermal.o
  AR      net/core/built-in.a
  CC      net/compat.o
  CC      drivers/acpi/numa/srat.o
  CC      net/ethernet/eth.o
  CC      drivers/acpi/numa/hmat.o
  AR      drivers/acpi/numa/built-in.a
  CC      drivers/acpi/acpi_memhotplug.o
  CC      drivers/acpi/ioapic.o
  AR      net/ethernet/built-in.a
  CC      net/802/fc.o
  CC      drivers/acpi/battery.o
  CC      net/802/fddi.o
  CC      drivers/acpi/hed.o
  AR      net/802/built-in.a
  CC      drivers/acpi/bgrt.o
  CC      net/sched/sch_generic.o
  CC      drivers/acpi/cppc_acpi.o
  CC      drivers/acpi/spcr.o
  CC      net/sched/sch_mq.o
  CC      drivers/acpi/acpi_dbg.o
  CC      net/sched/sch_frag.o
  CC      drivers/acpi/apei/apei-base.o
  CC      drivers/acpi/apei/hest.o
  CC      net/sched/sch_api.o
  CC      drivers/acpi/apei/erst.o
  CC      drivers/acpi/apei/bert.o
  CC      drivers/acpi/apei/ghes.o
  CC      net/sched/sch_blackhole.o
  CC      net/sched/cls_api.o
  AR      drivers/acpi/apei/built-in.a
  CC      drivers/acpi/pmic/intel_pmic.o
  CC      drivers/acpi/pmic/intel_pmic_bytcrc.o
  CC      drivers/acpi/pmic/intel_pmic_chtcrc.o
  CC      drivers/acpi/pmic/intel_pmic_chtwc.o
  CC      net/sched/act_api.o
  AR      drivers/acpi/pmic/built-in.a
  CC      drivers/acpi/dptf/int340x_thermal.o
  AR      drivers/acpi/dptf/built-in.a
  CC      drivers/acpi/viot.o
  CC      drivers/acpi/x86/apple.o
  CC      drivers/acpi/x86/cmos_rtc.o
  CC      net/sched/sch_fifo.o
  CC      drivers/acpi/x86/lpss.o
  CC      net/sched/ematch.o
  CC      drivers/acpi/x86/s2idle.o
  CC [M]  net/sched/sch_fq_codel.o
  CC      drivers/acpi/x86/utils.o
  CC      drivers/acpi/x86/blacklist.o
  AR      net/sched/built-in.a
  CC      net/netlink/af_netlink.o
  AR      drivers/acpi/x86/built-in.a
  AR      drivers/acpi/built-in.a
  CC      drivers/pnp/core.o
  CC      drivers/pnp/card.o
  CC      drivers/pnp/driver.o
  CC      net/netlink/genetlink.o
  CC      drivers/pnp/resource.o
  CC      net/netlink/policy.o
  CC      drivers/pnp/manager.o
  AR      net/netlink/built-in.a
  CC      net/bpf/test_run.o
  CC      drivers/pnp/support.o
  CC      drivers/pnp/interface.o
  CC      drivers/pnp/quirks.o
  CC      drivers/pnp/system.o
  CC      net/bpf/bpf_dummy_struct_ops.o
  CC      drivers/pnp/pnpacpi/core.o
  AR      net/bpf/built-in.a
  CC      drivers/pnp/pnpacpi/rsparser.o
  CC      net/ethtool/ioctl.o
  AR      drivers/pnp/pnpacpi/built-in.a
  AR      drivers/pnp/built-in.a
  CC      drivers/clk/clk-devres.o
  CC      drivers/clk/clk-bulk.o
  CC      drivers/clk/clkdev.o
  CC      net/ethtool/common.o
  CC      drivers/clk/clk.o
  CC      net/ethtool/netlink.o
  CC      net/ethtool/bitset.o
  CC      drivers/clk/clk-divider.o
  CC      net/ethtool/strset.o
  CC      drivers/clk/clk-fixed-factor.o
  CC      net/ethtool/linkinfo.o
  CC      drivers/clk/clk-fixed-rate.o
  CC      net/ethtool/linkmodes.o
  CC      drivers/clk/clk-gate.o
  CC      net/ethtool/rss.o
  CC      drivers/clk/clk-multiplier.o
  CC      net/ethtool/linkstate.o
  CC      drivers/clk/clk-mux.o
  CC      net/ethtool/debug.o
  CC      drivers/clk/clk-composite.o
  CC      net/ethtool/wol.o
  CC      drivers/clk/clk-fractional-divider.o
  CC      net/ethtool/features.o
  CC      drivers/clk/clk-gpio.o
  CC      drivers/clk/x86/clk-fch.o
  CC      net/ethtool/privflags.o
  CC      drivers/clk/x86/clk-lpss-atom.o
  CC      drivers/clk/x86/clk-pmc-atom.o
  CC      net/ethtool/rings.o
  AR      drivers/clk/x86/built-in.a
  AR      drivers/clk/built-in.a
  CC      drivers/dma/dmaengine.o
  CC      net/ethtool/channels.o
  CC      net/ethtool/coalesce.o
  CC      drivers/dma/virt-dma.o
  CC      net/ethtool/pause.o
  CC      drivers/dma/acpi-dma.o
  CC      net/ethtool/eee.o
  CC      drivers/dma/hsu/hsu.o
  CC      net/ethtool/tsinfo.o
  AR      drivers/dma/hsu/built-in.a
  CC      drivers/dma/lgm/lgm-dma.o
  CC      net/ethtool/cabletest.o
  AR      drivers/dma/lgm/built-in.a
  AR      drivers/dma/built-in.a
  CC      drivers/virtio/virtio.o
  CC      net/ethtool/tunnels.o
  CC      drivers/virtio/virtio_ring.o
  CC      net/ethtool/fec.o
  CC      net/ethtool/eeprom.o
  CC      drivers/virtio/virtio_anchor.o
  CC      net/ethtool/stats.o
  CC      drivers/virtio/virtio_pci_modern_dev.o
  CC      net/ethtool/phc_vclocks.o
  CC      drivers/virtio/virtio_pci_legacy_dev.o
  CC      net/ethtool/mm.o
  CC      drivers/virtio/virtio_mmio.o
  CC      drivers/virtio/virtio_pci_modern.o
  CC      net/ethtool/module.o
  CC      drivers/virtio/virtio_pci_common.o
  CC      net/ethtool/cmis_fw_update.o
  CC      drivers/virtio/virtio_pci_legacy.o
  CC      drivers/virtio/virtio_pci_admin_legacy_io.o
  CC      net/ethtool/cmis_cdb.o
  CC      drivers/virtio/virtio_balloon.o
  CC      net/ethtool/pse-pd.o
  CC      net/ethtool/plca.o
  AR      drivers/virtio/built-in.a
  CC      drivers/xen/cpu_hotplug.o
  CC      drivers/xen/grant-table.o
  CC      net/ethtool/phy.o
  AR      net/ethtool/built-in.a
  CC      net/netfilter/core.o
  CC      drivers/xen/features.o
  CC      drivers/xen/balloon.o
  CC      net/netfilter/nf_log.o
  CC      drivers/xen/manage.o
  CC      net/netfilter/nf_queue.o
  CC      drivers/xen/time.o
  CC      drivers/xen/mem-reservation.o
  CC      net/netfilter/nf_sockopt.o
  CC      drivers/xen/events/events_base.o
  CC      net/netfilter/utils.o
  CC      drivers/xen/events/events_2l.o
  CC      net/netfilter/nf_bpf_link.o
  CC      drivers/xen/events/events_fifo.o
  CC      net/netfilter/nf_hooks_lwtunnel.o
  AR      drivers/xen/events/built-in.a
  CC      drivers/xen/xenbus/xenbus_client.o
  CC [M]  net/netfilter/nfnetlink.o
  CC      drivers/xen/xenbus/xenbus_comms.o
  CC      drivers/xen/xenbus/xenbus_xs.o
  CC [M]  net/netfilter/nfnetlink_hook.o
  CC      drivers/xen/xenbus/xenbus_probe.o
  CC [M]  net/netfilter/nf_tables_core.o
  CC      drivers/xen/xenbus/xenbus_probe_backend.o
  CC [M]  net/netfilter/nf_tables_api.o
  CC      drivers/xen/xenbus/xenbus_dev_frontend.o
  CC      drivers/xen/xenbus/xenbus_dev_backend.o
  CC      drivers/xen/xenbus/xenbus_probe_frontend.o
  AR      drivers/xen/xenbus/built-in.a
  CC      drivers/xen/pci.o
  CC      drivers/xen/dbgp.o
  CC      drivers/xen/acpi.o
  CC      drivers/xen/xen-acpi-pad.o
  CC [M]  net/netfilter/nft_chain_filter.o
  CC      drivers/xen/pcpu.o
  CC      drivers/xen/biomerge.o
  CC [M]  net/netfilter/nf_tables_trace.o
  CC      drivers/xen/xen-balloon.o
  CC      drivers/xen/sys-hypervisor.o
  CC [M]  net/netfilter/nft_immediate.o
  CC      drivers/xen/platform-pci.o
  CC [M]  net/netfilter/nft_cmp.o
  CC      drivers/xen/swiotlb-xen.o
  CC [M]  net/netfilter/nft_range.o
  CC      drivers/xen/mcelog.o
  CC [M]  net/netfilter/nft_bitwise.o
  CC      drivers/xen/xen-acpi-processor.o
  CC      drivers/xen/efi.o
  CC [M]  net/netfilter/nft_byteorder.o
  CC      drivers/xen/xlate_mmu.o
  CC [M]  net/netfilter/nft_payload.o
  CC      drivers/xen/unpopulated-alloc.o
  CC [M]  net/netfilter/nft_lookup.o
  CC      drivers/xen/grant-dma-ops.o
  CC [M]  net/netfilter/nft_dynset.o
  AR      drivers/xen/built-in.a
  CC      drivers/regulator/core.o
  CC [M]  net/netfilter/nft_meta.o
  CC [M]  net/netfilter/nft_rt.o
  CC      drivers/regulator/dummy.o
  CC [M]  net/netfilter/nft_exthdr.o
  CC      drivers/regulator/fixed-helper.o
  CC      drivers/regulator/helpers.o
  CC [M]  net/netfilter/nft_last.o
  CC [M]  net/netfilter/nft_counter.o
  CC      drivers/regulator/devres.o
  CC [M]  net/netfilter/nft_objref.o
  CC      drivers/regulator/irq_helpers.o
  CC [M]  net/netfilter/nft_inner.o
  CC      drivers/regulator/event.o
  CC [M]  net/netfilter/nft_chain_route.o
  AR      drivers/regulator/built-in.a
  CC      drivers/reset/core.o
  CC [M]  net/netfilter/nf_tables_offload.o
  CC      drivers/reset/reset-simple.o
  CC [M]  net/netfilter/nft_set_hash.o
  AR      drivers/reset/built-in.a
  CC      drivers/tty/tty_io.o
  CC [M]  net/netfilter/nft_set_bitmap.o
  CC [M]  net/netfilter/nft_set_rbtree.o
  CC      drivers/tty/n_tty.o
  CC [M]  net/netfilter/nft_set_pipapo.o
  CC      drivers/tty/tty_ioctl.o
  CC      drivers/tty/tty_ldisc.o
  CC [M]  net/netfilter/nft_set_pipapo_avx2.o
  CC      drivers/tty/tty_buffer.o
  CC [M]  net/netfilter/x_tables.o
  CC      drivers/tty/tty_port.o
  CC      drivers/tty/tty_mutex.o
  CC      drivers/tty/tty_ldsem.o
  CC [M]  net/netfilter/xt_tcpudp.o
  CC      drivers/tty/tty_baudrate.o
  AR      net/netfilter/built-in.a
  LD [M]  net/netfilter/nf_tables.o
  CC      drivers/tty/tty_jobctrl.o
  CC      net/ipv4/route.o
  CC      drivers/tty/n_null.o
  CC      drivers/tty/pty.o
  CC      drivers/tty/tty_audit.o
  CC      drivers/tty/sysrq.o
  CC      net/ipv4/inetpeer.o
  CC      drivers/tty/vt/vt_ioctl.o
  CC      net/ipv4/protocol.o
  CC      drivers/tty/vt/vc_screen.o
  CC      drivers/tty/vt/selection.o
  CC      net/ipv4/ip_input.o
  CC      drivers/tty/vt/keyboard.o
  CC      net/ipv4/ip_fragment.o
  CC      drivers/tty/vt/vt.o
  CC      net/ipv4/ip_forward.o
  CC      net/ipv4/ip_options.o
  CC      drivers/tty/vt/defkeymap.o
  CC      drivers/tty/vt/consolemap.o
  CC      drivers/tty/vt/consolemap_deftbl.o
  AR      drivers/tty/vt/built-in.a
  CC      drivers/tty/hvc/hvc_console.o
  CC      net/ipv4/ip_output.o
  CC      drivers/tty/hvc/hvc_irq.o
  CC      drivers/tty/hvc/hvc_xen.o
  AR      drivers/tty/hvc/built-in.a
  CC      net/ipv4/ip_sockglue.o
  CC      drivers/tty/serial/serial_core.o
  CC      net/ipv4/inet_hashtables.o
  CC      drivers/tty/serial/serial_base_bus.o
  CC      drivers/tty/serial/serial_ctrl.o
  CC      drivers/tty/serial/serial_port.o
  CC      drivers/tty/serial/earlycon.o
  CC      net/ipv4/inet_timewait_sock.o
  CC      drivers/tty/serial/8250/8250_core.o
  CC      net/ipv4/inet_connection_sock.o
  CC      drivers/tty/serial/8250/8250_platform.o
  CC      drivers/tty/serial/8250/8250_pnp.o
  CC      drivers/tty/serial/8250/8250_rsa.o
  CC      drivers/tty/serial/8250/8250_port.o
  CC      net/ipv4/tcp.o
  CC      drivers/tty/serial/8250/8250_dma.o
  CC      drivers/tty/serial/8250/8250_fintek.o
  CC      net/ipv4/tcp_input.o
  CC      drivers/tty/serial/8250/8250_pcilib.o
  CC      drivers/tty/serial/8250/8250_early.o
  CC      drivers/tty/serial/8250/8250_mid.o
  CC      drivers/tty/serial/8250/8250_pci.o
  CC      drivers/tty/serial/8250/8250_rt288x.o
  CC      net/ipv4/tcp_output.o
  AR      drivers/tty/serial/8250/built-in.a
  CC      drivers/tty/serial/max310x.o
  CC      drivers/tty/serial/sccnxp.o
  CC      drivers/tty/serial/serial_mctrl_gpio.o
  CC      drivers/tty/serial/kgdb_nmi.o
  CC      net/ipv4/tcp_timer.o
  CC      drivers/tty/serial/kgdboc.o
  AR      drivers/tty/serial/built-in.a
  CC      drivers/tty/serdev/core.o
  CC      net/ipv4/tcp_ipv4.o
  CC      drivers/tty/serdev/serdev-ttyport.o
  AR      drivers/tty/serdev/built-in.a
  AR      drivers/tty/built-in.a
  CC      drivers/char/mem.o
  CC      drivers/char/random.o
  CC      net/ipv4/tcp_minisocks.o
drivers/char/random.c: In function ‘try_to_generate_entropy’:
drivers/char/random.c:1347:1: warning: the frame size of 1152 bytes is larger than 1024 bytes [-Wframe-larger-than=]
 1347 | }
      | ^
  CC      drivers/char/ttyprintk.o
  CC      drivers/char/misc.o
  CC      net/ipv4/tcp_cong.o
  CC      drivers/char/virtio_console.o
  CC      drivers/char/hpet.o
  CC      net/ipv4/tcp_metrics.o
  CC      drivers/char/hw_random/core.o
  CC      net/ipv4/tcp_fastopen.o
  AR      drivers/char/hw_random/built-in.a
  CC      drivers/char/agp/backend.o
  CC      net/ipv4/tcp_rate.o
  CC      drivers/char/agp/generic.o
  CC      drivers/char/agp/isoch.o
  CC      net/ipv4/tcp_recovery.o
  CC      drivers/char/agp/amd64-agp.o
  CC      drivers/char/agp/intel-agp.o
  CC      net/ipv4/tcp_ulp.o
  CC      drivers/char/agp/intel-gtt.o
  CC      net/ipv4/tcp_offload.o
  CC      drivers/char/agp/via-agp.o
  AR      drivers/char/agp/built-in.a
  CC      drivers/char/tpm/tpm-chip.o
  CC      net/ipv4/tcp_plb.o
  CC      drivers/char/tpm/tpm-dev-common.o
  CC      drivers/char/tpm/tpm-dev.o
  CC      drivers/char/tpm/tpm-interface.o
  CC      net/ipv4/datagram.o
  CC      drivers/char/tpm/tpm1-cmd.o
  CC      net/ipv4/raw.o
  CC      drivers/char/tpm/tpm2-cmd.o
  CC      drivers/char/tpm/tpmrm-dev.o
  CC      net/ipv4/udp.o
  CC      drivers/char/tpm/tpm2-space.o
  CC      drivers/char/tpm/tpm-sysfs.o
  CC      drivers/char/tpm/eventlog/common.o
  CC      drivers/char/tpm/eventlog/tpm1.o
  CC      drivers/char/tpm/eventlog/tpm2.o
  CC      net/ipv4/udplite.o
  CC      drivers/char/tpm/tpm-buf.o
  CC      drivers/char/tpm/tpm2-sessions.o
  CC      net/ipv4/udp_offload.o
  CC      drivers/char/tpm/tpm_ppi.o
  CC      drivers/char/tpm/eventlog/acpi.o
  CC      net/ipv4/arp.o
  CC      drivers/char/tpm/eventlog/efi.o
  CC      drivers/char/tpm/tpm_tis_core.o
  CC      net/ipv4/icmp.o
  CC      drivers/char/tpm/tpm_tis.o
  CC      drivers/char/tpm/tpm_crb.o
  AR      drivers/char/tpm/built-in.a
  CC [M]  drivers/char/lp.o
  CC      net/ipv4/devinet.o
  CC [M]  drivers/char/ppdev.o
  AR      drivers/char/built-in.a
  CC      drivers/iommu/amd/iommu.o
  CC      net/ipv4/af_inet.o
  CC      drivers/iommu/amd/init.o
  CC      net/ipv4/igmp.o
  CC      drivers/iommu/amd/quirks.o
  CC      drivers/iommu/amd/io_pgtable.o
  CC      drivers/iommu/amd/io_pgtable_v2.o
  CC      net/ipv4/fib_frontend.o
  CC      drivers/iommu/amd/ppr.o
  CC      drivers/iommu/amd/pasid.o
  AR      drivers/iommu/amd/built-in.a
  CC      drivers/iommu/intel/dmar.o
  CC      net/ipv4/fib_semantics.o
  CC      drivers/iommu/intel/iommu.o
  CC      net/ipv4/fib_trie.o
  CC      drivers/iommu/intel/pasid.o
  CC      net/ipv4/fib_notifier.o
  CC      drivers/iommu/intel/nested.o
  CC      net/ipv4/inet_fragment.o
  CC      drivers/iommu/intel/cache.o
  CC      drivers/iommu/intel/prq.o
  CC      net/ipv4/ping.o
  CC      drivers/iommu/intel/trace.o
  CC      drivers/iommu/intel/cap_audit.o
  CC      net/ipv4/ip_tunnel_core.o
  CC      drivers/iommu/intel/svm.o
  CC      drivers/iommu/intel/irq_remapping.o
  CC      net/ipv4/gre_offload.o
  CC      drivers/iommu/intel/perfmon.o
  CC      net/ipv4/metrics.o
  AR      drivers/iommu/intel/built-in.a
  CC      drivers/iommu/iommu.o
  CC      net/ipv4/netlink.o
  CC      drivers/iommu/iommu-traces.o
  CC      net/ipv4/nexthop.o
  CC      drivers/iommu/iommu-sysfs.o
  CC      drivers/iommu/dma-iommu.o
  CC      net/ipv4/udp_tunnel_stub.o
  CC      drivers/iommu/io-pgtable.o
  CC      net/ipv4/sysctl_net_ipv4.o
  CC      drivers/iommu/iova.o
  CC      net/ipv4/proc.o
  CC      drivers/iommu/irq_remapping.o
  CC      net/ipv4/fib_rules.o
  CC      drivers/iommu/virtio-iommu.o
  CC      drivers/iommu/iommu-sva.o
  CC      net/ipv4/ipmr.o
  CC      drivers/iommu/io-pgfault.o
  AR      drivers/iommu/built-in.a
  CC      drivers/gpu/drm/drm_aperture.o
  CC      drivers/gpu/drm/drm_atomic.o
  CC      net/ipv4/ipmr_base.o
  CC      drivers/gpu/drm/drm_atomic_uapi.o
  CC      net/ipv4/syncookies.o
  CC      drivers/gpu/drm/drm_auth.o
  CC      net/ipv4/netfilter.o
  CC      drivers/gpu/drm/drm_blend.o
  CC      drivers/gpu/drm/drm_bridge.o
  CC [M]  net/ipv4/netfilter/ip_tables.o
  CC      drivers/gpu/drm/drm_cache.o
  CC      drivers/gpu/drm/drm_client.o
  CC [M]  net/ipv4/netfilter/iptable_filter.o
  CC      drivers/gpu/drm/drm_client_modeset.o
  CC      net/ipv4/tcp_cubic.o
  CC      net/ipv4/tcp_sigpool.o
  CC      drivers/gpu/drm/drm_color_mgmt.o
  CC      drivers/gpu/drm/drm_connector.o
  CC      net/ipv4/tcp_bpf.o
  CC      drivers/gpu/drm/drm_crtc.o
  CC      net/ipv4/udp_bpf.o
  CC      drivers/gpu/drm/drm_displayid.o
  CC      drivers/gpu/drm/drm_drv.o
  CC      net/ipv4/cipso_ipv4.o
  CC      drivers/gpu/drm/drm_dumb_buffers.o
  CC      drivers/gpu/drm/drm_edid.o
  CC      net/ipv4/tcp_ao.o
  CC      net/ipv4/bpf_tcp_ca.o
  CC      drivers/gpu/drm/drm_eld.o
  CC      drivers/gpu/drm/drm_encoder.o
  CC [M]  net/ipv4/inet_diag.o
  CC      drivers/gpu/drm/drm_file.o
  CC      drivers/gpu/drm/drm_fourcc.o
  CC [M]  net/ipv4/tcp_diag.o
  CC      drivers/gpu/drm/drm_framebuffer.o
  AR      net/ipv4/built-in.a
  CC      net/unix/af_unix.o
  CC      drivers/gpu/drm/drm_gem.o
  CC      drivers/gpu/drm/drm_ioctl.o
  CC      net/unix/garbage.o
  CC      drivers/gpu/drm/drm_lease.o
  CC      net/unix/sysctl_net_unix.o
  CC      drivers/gpu/drm/drm_managed.o
  CC      net/unix/unix_bpf.o
  CC      drivers/gpu/drm/drm_mm.o
  AR      net/unix/built-in.a
  CC      net/ipv6/af_inet6.o
  CC      drivers/gpu/drm/drm_mode_config.o
  CC      drivers/gpu/drm/drm_mode_object.o
  CC      net/ipv6/anycast.o
  CC      drivers/gpu/drm/drm_modes.o
  CC      net/ipv6/ip6_output.o
  CC      drivers/gpu/drm/drm_modeset_lock.o
  CC      drivers/gpu/drm/drm_plane.o
  CC      net/ipv6/ip6_input.o
  CC      drivers/gpu/drm/drm_prime.o
  CC      drivers/gpu/drm/drm_print.o
  CC      net/ipv6/addrconf.o
  CC      drivers/gpu/drm/drm_property.o
  CC      drivers/gpu/drm/drm_syncobj.o
  CC      drivers/gpu/drm/drm_sysfs.o
  CC      net/ipv6/addrlabel.o
  CC      drivers/gpu/drm/drm_trace_points.o
  CC      drivers/gpu/drm/drm_vblank.o
  CC      net/ipv6/route.o
  CC      drivers/gpu/drm/drm_vblank_work.o
  CC      drivers/gpu/drm/drm_vma_manager.o
  CC      drivers/gpu/drm/drm_writeback.o
  CC      drivers/gpu/drm/drm_ioc32.o
  CC      net/ipv6/ip6_fib.o
  CC      drivers/gpu/drm/drm_panel.o
  CC      drivers/gpu/drm/drm_pci.o
  CC      net/ipv6/ipv6_sockglue.o
  CC      drivers/gpu/drm/drm_debugfs.o
  CC      drivers/gpu/drm/drm_debugfs_crc.o
  CC      net/ipv6/ndisc.o
  CC      drivers/gpu/drm/drm_edid_load.o
  CC      drivers/gpu/drm/../../accel/drm_accel.o
  CC      drivers/gpu/drm/drm_panel_orientation_quirks.o
  CC      net/ipv6/udp.o
  CC      drivers/gpu/drm/drm_gem_shmem_helper.o
  CC      drivers/gpu/drm/drm_fbdev_shmem.o
  CC      net/ipv6/udplite.o
  CC      drivers/gpu/drm/drm_atomic_helper.o
  CC      net/ipv6/raw.o
  CC      drivers/gpu/drm/drm_atomic_state_helper.o
  CC      net/ipv6/icmp.o
  CC      drivers/gpu/drm/drm_crtc_helper.o
  CC      drivers/gpu/drm/drm_damage_helper.o
  CC      net/ipv6/mcast.o
  CC      drivers/gpu/drm/drm_encoder_slave.o
  CC      drivers/gpu/drm/drm_flip_work.o
  CC      net/ipv6/reassembly.o
  CC      drivers/gpu/drm/drm_format_helper.o
  CC      net/ipv6/tcp_ipv6.o
  CC      drivers/gpu/drm/drm_gem_atomic_helper.o
  CC      drivers/gpu/drm/drm_gem_framebuffer_helper.o
  CC      drivers/gpu/drm/drm_kms_helper_common.o
  CC      net/ipv6/ping.o
  CC      drivers/gpu/drm/drm_modeset_helper.o
  CC      drivers/gpu/drm/drm_plane_helper.o
  CC      net/ipv6/exthdrs.o
  CC      drivers/gpu/drm/drm_probe_helper.o
  CC      drivers/gpu/drm/drm_rect.o
  CC      net/ipv6/datagram.o
  CC      drivers/gpu/drm/drm_self_refresh_helper.o
  CC      drivers/gpu/drm/drm_simple_kms_helper.o
  CC      net/ipv6/ip6_flowlabel.o
  CC      drivers/gpu/drm/bridge/panel.o
  CC      net/ipv6/inet6_connection_sock.o
  CC      drivers/gpu/drm/drm_fbdev_client.o
  CC      drivers/gpu/drm/drm_fb_helper.o
  CC      net/ipv6/udp_offload.o
  CC      net/ipv6/seg6.o
  CC      drivers/gpu/drm/tiny/simpledrm.o
  CC      net/ipv6/fib6_notifier.o
  AR      drivers/gpu/drm/tiny/built-in.a
  CC [M]  drivers/gpu/drm/drm_gem_ttm_helper.o
  CC      net/ipv6/rpl.o
  CC [M]  drivers/gpu/drm/drm_fbdev_ttm.o
  CC      net/ipv6/ioam6.o
  CC [M]  drivers/gpu/drm/ttm/ttm_tt.o
  CC      net/ipv6/sysctl_net_ipv6.o
  CC      net/ipv6/ip6mr.o
  CC [M]  drivers/gpu/drm/ttm/ttm_bo.o
  CC [M]  drivers/gpu/drm/ttm/ttm_bo_util.o
  CC [M]  drivers/gpu/drm/ttm/ttm_bo_vm.o
  CC      net/ipv6/netfilter.o
  CC [M]  drivers/gpu/drm/ttm/ttm_module.o
  CC [M]  drivers/gpu/drm/ttm/ttm_execbuf_util.o
  CC      net/ipv6/fib6_rules.o
  CC [M]  drivers/gpu/drm/ttm/ttm_range_manager.o
  CC [M]  drivers/gpu/drm/ttm/ttm_resource.o
  CC      net/ipv6/proc.o
  CC [M]  drivers/gpu/drm/ttm/ttm_pool.o
  CC      net/ipv6/syncookies.o
  CC [M]  drivers/gpu/drm/ttm/ttm_device.o
  CC      net/ipv6/calipso.o
  CC [M]  drivers/gpu/drm/ttm/ttm_sys_manager.o
  CC [M]  drivers/gpu/drm/ttm/ttm_agp_backend.o
  CC      net/ipv6/seg6_iptunnel.o
  LD [M]  drivers/gpu/drm/ttm/ttm.o
  CC [M]  drivers/gpu/drm/vmwgfx/vmwgfx_execbuf.o
  CC      net/ipv6/seg6_local.o
  CC [M]  drivers/gpu/drm/vmwgfx/vmwgfx_gmr.o
  CC [M]  drivers/gpu/drm/vmwgfx/vmwgfx_kms.o
  CC      net/ipv6/seg6_hmac.o
  CC [M]  drivers/gpu/drm/vmwgfx/vmwgfx_drv.o
  CC [M]  drivers/gpu/drm/vmwgfx/vmwgfx_ioctl.o
  CC      net/ipv6/ioam6_iptunnel.o
  CC [M]  drivers/gpu/drm/vmwgfx/vmwgfx_resource.o
  CC      net/ipv6/addrconf_core.o
  CC [M]  drivers/gpu/drm/vmwgfx/vmwgfx_ttm_buffer.o
  CC [M]  drivers/gpu/drm/vmwgfx/vmwgfx_cmd.o
  CC      net/ipv6/exthdrs_core.o
  CC [M]  drivers/gpu/drm/vmwgfx/vmwgfx_irq.o
  CC      net/ipv6/ip6_checksum.o
  CC [M]  drivers/gpu/drm/vmwgfx/vmwgfx_ldu.o
  CC [M]  drivers/gpu/drm/vmwgfx/vmwgfx_overlay.o
  CC      net/ipv6/ip6_icmp.o
  CC [M]  drivers/gpu/drm/vmwgfx/vmwgfx_gmrid_manager.o
  CC      net/ipv6/output_core.o
  CC [M]  drivers/gpu/drm/vmwgfx/vmwgfx_fence.o
  CC [M]  drivers/gpu/drm/vmwgfx/vmwgfx_bo.o
  CC      net/ipv6/protocol.o
  CC [M]  drivers/gpu/drm/vmwgfx/vmwgfx_scrn.o
  CC      net/ipv6/ip6_offload.o
  CC [M]  drivers/gpu/drm/vmwgfx/vmwgfx_context.o
  CC [M]  drivers/gpu/drm/vmwgfx/vmwgfx_surface.o
  CC      net/ipv6/tcpv6_offload.o
  CC      net/ipv6/exthdrs_offload.o
  CC [M]  drivers/gpu/drm/vmwgfx/vmwgfx_prime.o
  CC [M]  drivers/gpu/drm/vmwgfx/vmwgfx_mob.o
  CC      net/ipv6/inet6_hashtables.o
  CC [M]  drivers/gpu/drm/vmwgfx/vmwgfx_shader.o
  CC [M]  drivers/gpu/drm/vmwgfx/vmwgfx_cmdbuf_res.o
  CC      net/ipv6/mcast_snoop.o
  CC [M]  drivers/gpu/drm/vmwgfx/vmwgfx_cmdbuf.o
  CC [M]  drivers/gpu/drm/vmwgfx/vmwgfx_stdu.o
  CC      net/ipv6/tcp_ao.o
  CC [M]  drivers/gpu/drm/vmwgfx/vmwgfx_cotable.o
  AR      net/ipv6/built-in.a
  CC      net/packet/af_packet.o
  CC [M]  drivers/gpu/drm/vmwgfx/vmwgfx_so.o
  CC [M]  drivers/gpu/drm/vmwgfx/vmwgfx_binding.o
  CC [M]  drivers/gpu/drm/vmwgfx/vmwgfx_msg.o
  CC [M]  drivers/gpu/drm/vmwgfx/vmwgfx_simple_resource.o
  AR      net/packet/built-in.a
  CC      net/strparser/strparser.o
  CC [M]  drivers/gpu/drm/vmwgfx/vmwgfx_va.o
  CC [M]  drivers/gpu/drm/vmwgfx/vmwgfx_blit.o
  AR      net/strparser/built-in.a
  CC      net/netlabel/netlabel_user.o
  CC [M]  drivers/gpu/drm/vmwgfx/vmwgfx_validation.o
  CC      net/netlabel/netlabel_kapi.o
  CC [M]  drivers/gpu/drm/vmwgfx/vmwgfx_page_dirty.o
  CC [M]  drivers/gpu/drm/vmwgfx/vmwgfx_streamoutput.o
  CC      net/netlabel/netlabel_domainhash.o
  CC [M]  drivers/gpu/drm/vmwgfx/vmwgfx_devcaps.o
  CC [M]  drivers/gpu/drm/vmwgfx/ttm_object.o
  CC      net/netlabel/netlabel_addrlist.o
  CC [M]  drivers/gpu/drm/vmwgfx/vmwgfx_system_manager.o
  CC      net/netlabel/netlabel_mgmt.o
  CC [M]  drivers/gpu/drm/vmwgfx/vmwgfx_gem.o
  CC [M]  drivers/gpu/drm/vmwgfx/vmwgfx_vkms.o
  CC      net/netlabel/netlabel_unlabeled.o
  LD [M]  drivers/gpu/drm/vmwgfx/vmwgfx.o
  AR      drivers/gpu/drm/built-in.a
  LD [M]  drivers/gpu/drm/drm_ttm_helper.o
  CC      drivers/gpu/vga/vga_switcheroo.o
  CC      net/netlabel/netlabel_cipso_v4.o
  AR      drivers/gpu/vga/built-in.a
  AR      drivers/gpu/built-in.a
  CC      net/netlabel/netlabel_calipso.o
  CC      drivers/connector/cn_queue.o
  CC      drivers/connector/connector.o
  AR      net/netlabel/built-in.a
  CC      net/rfkill/core.o
  CC      drivers/connector/cn_proc.o
  CC      net/rfkill/input.o
  AR      net/rfkill/built-in.a
  CC      net/dcb/dcbnl.o
  AR      drivers/connector/built-in.a
  CC      drivers/base/component.o
  CC      drivers/base/core.o
  CC      net/dcb/dcbevent.o
  AR      net/dcb/built-in.a
  CC      net/sysctl_net.o
  CC      drivers/base/bus.o
  CC      net/dns_resolver/dns_key.o
  CC      drivers/base/dd.o
  CC      net/dns_resolver/dns_query.o
  AR      net/dns_resolver/built-in.a
  CC      net/switchdev/switchdev.o
  CC      drivers/base/syscore.o
  CC      drivers/base/driver.o
  AR      net/switchdev/built-in.a
  CC      net/l3mdev/l3mdev.o
  CC      drivers/base/class.o
  AR      net/l3mdev/built-in.a
  CC      net/ncsi/ncsi-cmd.o
  CC      drivers/base/platform.o
  CC      net/ncsi/ncsi-rsp.o
  CC      drivers/base/cpu.o
  CC      net/ncsi/ncsi-aen.o
  CC      drivers/base/firmware.o
  CC      net/ncsi/ncsi-manage.o
  CC      drivers/base/init.o
  CC      drivers/base/map.o
  CC      drivers/base/devres.o
  CC      net/ncsi/ncsi-netlink.o
  CC      drivers/base/attribute_container.o
  AR      net/ncsi/built-in.a
  CC      net/xdp/xsk.o
  CC      drivers/base/transport_class.o
  CC      drivers/base/topology.o
  CC      drivers/base/container.o
  CC      net/xdp/xdp_umem.o
  CC      drivers/base/property.o
  CC      net/xdp/xsk_queue.o
  CC      drivers/base/cacheinfo.o
  CC      net/xdp/xskmap.o
  CC      drivers/base/swnode.o
  CC      net/xdp/xsk_buff_pool.o
  CC      drivers/base/auxiliary.o
  CC      drivers/base/devtmpfs.o
  AR      net/xdp/built-in.a
  CC      net/mptcp/protocol.o
  CC      drivers/base/power/sysfs.o
  CC      drivers/base/power/generic_ops.o
  CC      drivers/base/power/common.o
  CC      net/mptcp/subflow.o
  CC      drivers/base/power/qos.o
  CC      drivers/base/power/runtime.o
  CC      net/mptcp/options.o
  CC      drivers/base/power/wakeirq.o
  CC      drivers/base/power/main.o
  CC      net/mptcp/token.o
  CC      drivers/base/power/wakeup.o
  CC      net/mptcp/crypto.o
  CC      drivers/base/power/wakeup_stats.o
  CC      net/mptcp/ctrl.o
  CC      drivers/base/power/trace.o
  CC      drivers/base/power/clock_ops.o
  CC      net/mptcp/pm.o
  AR      drivers/base/power/built-in.a
  CC      drivers/base/firmware_loader/fallback_table.o
  CC      net/mptcp/diag.o
  CC      drivers/base/firmware_loader/main.o
  CC      net/mptcp/mib.o
  CC      net/mptcp/pm_netlink.o
  CC      drivers/base/firmware_loader/fallback.o
  CC      drivers/base/firmware_loader/sysfs.o
  CC      drivers/base/firmware_loader/sysfs_upload.o
  CC      drivers/base/firmware_loader/builtin/main.o
  CC      net/mptcp/sockopt.o
  AR      drivers/base/firmware_loader/builtin/built-in.a
  AR      drivers/base/firmware_loader/built-in.a
  CC      drivers/base/node.o
  CC      drivers/base/memory.o
  CC      net/mptcp/pm_userspace.o
  CC      drivers/base/module.o
  CC      drivers/base/auxiliary_sysfs.o
  CC      net/mptcp/fastopen.o
  CC      drivers/base/hypervisor.o
  CC      net/mptcp/sched.o
  CC      drivers/base/regmap/regmap.o
  CC      net/mptcp/mptcp_pm_gen.o
  CC      net/mptcp/syncookies.o
  CC      net/mptcp/bpf.o
  CC      drivers/base/regmap/regcache.o
  CC [M]  net/mptcp/mptcp_diag.o
  CC      drivers/base/regmap/regcache-rbtree.o
  AR      net/mptcp/built-in.a
  CC      drivers/base/regmap/regcache-flat.o
  CC      net/mctp/af_mctp.o
  CC      drivers/base/regmap/regcache-maple.o
  CC      drivers/base/regmap/regmap-debugfs.o
  CC      net/mctp/device.o
  CC      drivers/base/regmap/regmap-i2c.o
  CC      net/mctp/route.o
  CC      drivers/base/regmap/regmap-spi.o
  CC      drivers/base/regmap/regmap-mmio.o
  CC      net/mctp/neigh.o
  CC      drivers/base/regmap/regmap-irq.o
  AR      net/mctp/built-in.a
  CC [M]  net/tls/tls_main.o
  AR      drivers/base/regmap/built-in.a
  CC      drivers/base/pinctrl.o
  CC [M]  net/tls/tls_sw.o
  CC      drivers/base/devcoredump.o
  CC      drivers/base/platform-msi.o
  CC      drivers/base/physical_location.o
  CC [M]  net/tls/tls_proc.o
  CC      drivers/base/trace.o
  AR      drivers/base/built-in.a
  CC      drivers/block/loop.o
  CC [M]  net/tls/trace.o
  CC [M]  net/tls/tls_strp.o
  CC      drivers/block/virtio_blk.o
  CC [M]  net/tls/tls_device.o
  CC      drivers/block/xen-blkfront.o
  AR      drivers/block/built-in.a
  CC      drivers/misc/sram.o
  CC [M]  net/tls/tls_device_fallback.o
  CC [M]  drivers/misc/vmw_balloon.o
  CC [M]  drivers/misc/vmw_vmci/vmci_context.o
  LD [M]  net/tls/tls.o
  CC [M]  net/qrtr/af_qrtr.o
  CC [M]  drivers/misc/vmw_vmci/vmci_datagram.o
  CC [M]  drivers/misc/vmw_vmci/vmci_doorbell.o
  CC [M]  net/qrtr/ns.o
  CC [M]  drivers/misc/vmw_vmci/vmci_driver.o
  CC [M]  drivers/misc/vmw_vmci/vmci_event.o
  LD [M]  net/qrtr/qrtr.o
  AR      net/built-in.a
  CC      arch/x86/pci/i386.o
  CC [M]  drivers/misc/vmw_vmci/vmci_guest.o
  CC      arch/x86/pci/init.o
  CC [M]  drivers/misc/vmw_vmci/vmci_handle_array.o
  CC [M]  drivers/misc/vmw_vmci/vmci_host.o
  CC      arch/x86/pci/mmconfig_64.o
  CC      arch/x86/pci/direct.o
  CC [M]  drivers/misc/vmw_vmci/vmci_queue_pair.o
  CC      arch/x86/pci/mmconfig-shared.o
  CC      arch/x86/pci/xen.o
  CC [M]  drivers/misc/vmw_vmci/vmci_resource.o
  CC [M]  drivers/misc/vmw_vmci/vmci_route.o
  LD [M]  drivers/misc/vmw_vmci/vmw_vmci.o
  AR      drivers/misc/built-in.a
  CC      arch/x86/pci/fixup.o
  CC      drivers/mfd/88pm860x-core.o
  CC      arch/x86/pci/acpi.o
  CC      drivers/mfd/88pm860x-i2c.o
  CC      arch/x86/pci/legacy.o
  CC      arch/x86/pci/irq.o
  CC      drivers/mfd/wm8400-core.o
  CC      arch/x86/pci/numachip.o
  CC      drivers/mfd/wm831x-core.o
  CC      arch/x86/pci/common.o
  CC      drivers/mfd/wm831x-irq.o
  CC      arch/x86/pci/early.o
  CC      drivers/mfd/wm831x-otp.o
  CC      arch/x86/pci/bus_numa.o
  CC      arch/x86/pci/amd_bus.o
  CC      drivers/mfd/wm831x-auxadc.o
  AR      arch/x86/pci/built-in.a
  CC      drivers/mfd/wm831x-i2c.o
  CC      drivers/mfd/wm831x-spi.o
  CC      drivers/mfd/wm8350-core.o
  CC      drivers/mfd/wm8350-regmap.o
  CC      drivers/mfd/wm8350-gpio.o
  CC      drivers/mfd/wm8350-irq.o
  CC      arch/x86/power/cpu.o
  CC      drivers/mfd/wm8350-i2c.o
  CC      drivers/mfd/tps65910.o
  CC      arch/x86/power/hibernate_64.o
  CC      drivers/mfd/tps65912-core.o
  AS      arch/x86/power/hibernate_asm_64.o
  CC      arch/x86/power/hibernate.o
  CC      drivers/mfd/tps65912-i2c.o
  AR      arch/x86/power/built-in.a
  CC      arch/x86/video/video-common.o
  CC      drivers/mfd/tps65912-spi.o
  AR      arch/x86/video/built-in.a
  CC      drivers/mfd/twl-core.o
  CC      drivers/nvdimm/core.o
  CC      drivers/mfd/twl4030-irq.o
  CC      drivers/nvdimm/bus.o
  CC      drivers/mfd/twl6030-irq.o
  CC      drivers/mfd/twl4030-audio.o
  CC      drivers/nvdimm/dimm_devs.o
  CC      drivers/mfd/twl6040.o
  CC      drivers/nvdimm/nd_perf.o
  CC      drivers/mfd/mfd-core.o
  CC      drivers/nvdimm/dimm.o
  CC      drivers/mfd/ezx-pcap.o
  CC      drivers/nvdimm/region_devs.o
  CC      drivers/mfd/da903x.o
  CC      drivers/nvdimm/region.o
  CC      drivers/mfd/da9052-irq.o
  CC      drivers/nvdimm/namespace_devs.o
  CC      drivers/mfd/da9052-core.o
  CC      drivers/mfd/da9052-spi.o
  CC      drivers/nvdimm/label.o
  CC      drivers/mfd/da9052-i2c.o
  CC      drivers/mfd/lp8788.o
  CC      drivers/nvdimm/badrange.o
  CC      drivers/mfd/lp8788-irq.o
  CC      drivers/nvdimm/claim.o
  CC      drivers/mfd/da9055-core.o
  CC      drivers/mfd/da9055-i2c.o
  CC      drivers/nvdimm/btt_devs.o
  CC      drivers/mfd/da9063-core.o
  CC      drivers/mfd/da9063-irq.o
  CC      drivers/nvdimm/pfn_devs.o
  CC      drivers/mfd/da9063-i2c.o
  CC      drivers/mfd/max14577.o
  CC      drivers/nvdimm/dax_devs.o
  CC      drivers/mfd/max77693.o
  CC      drivers/nvdimm/security.o
  CC      drivers/mfd/max77843.o
  CC      drivers/mfd/max8925-core.o
  CC      drivers/nvdimm/e820.o
  AR      drivers/nvdimm/built-in.a
  CC      drivers/dax/super.o
  CC      drivers/mfd/max8925-i2c.o
  CC      drivers/mfd/max8997.o
  CC      drivers/dax/bus.o
  CC      drivers/mfd/max8997-irq.o
  AR      drivers/dax/built-in.a
  CC      drivers/dma-buf/dma-buf.o
  CC      drivers/mfd/max8998.o
  CC      drivers/dma-buf/dma-fence.o
  CC      drivers/mfd/max8998-irq.o
  CC      drivers/mfd/adp5520.o
  CC      drivers/dma-buf/dma-fence-array.o
  CC      drivers/mfd/tps6586x.o
  CC      drivers/dma-buf/dma-fence-chain.o
  CC      drivers/mfd/tps65090.o
  CC      drivers/dma-buf/dma-fence-unwrap.o
  CC      drivers/mfd/aat2870-core.o
  CC      drivers/dma-buf/dma-resv.o
  CC      drivers/mfd/palmas.o
  CC      drivers/dma-buf/dma-heap.o
  CC      drivers/dma-buf/heaps/system_heap.o
  CC      drivers/mfd/rc5t583.o
  AR      drivers/dma-buf/heaps/built-in.a
  CC      drivers/dma-buf/sync_file.o
  CC      drivers/mfd/rc5t583-irq.o
  CC      drivers/dma-buf/sw_sync.o
  CC      drivers/mfd/syscon.o
  CC      drivers/dma-buf/sync_debug.o
  CC      drivers/mfd/as3711.o
  CC      drivers/dma-buf/udmabuf.o
  CC      drivers/mfd/intel_soc_pmic_crc.o
  AR      drivers/dma-buf/built-in.a
  CC [M]  drivers/macintosh/mac_hid.o
  CC      drivers/mfd/intel_soc_pmic_chtwc.o
  CC      drivers/scsi/scsi.o
  AR      drivers/mfd/built-in.a
  CC [M]  drivers/nvme/common/auth.o
  LD [M]  drivers/nvme/common/nvme-auth.o
  CC [M]  drivers/nvme/host/core.o
  CC      drivers/scsi/hosts.o
  CC      drivers/scsi/scsi_ioctl.o
  CC      drivers/scsi/scsicam.o
  CC [M]  drivers/nvme/host/ioctl.o
  CC      drivers/scsi/scsi_error.o
  CC [M]  drivers/nvme/host/sysfs.o
  CC      drivers/scsi/scsi_lib.o
  CC [M]  drivers/nvme/host/pr.o
  CC [M]  drivers/nvme/host/trace.o
  CC      drivers/scsi/constants.o
  CC [M]  drivers/nvme/host/multipath.o
  CC      drivers/scsi/scsi_lib_dma.o
  CC      drivers/scsi/scsi_scan.o
  CC [M]  drivers/nvme/host/zns.o
  CC [M]  drivers/nvme/host/hwmon.o
  CC      drivers/scsi/scsi_sysfs.o
  CC [M]  drivers/nvme/host/auth.o
  CC      drivers/scsi/scsi_devinfo.o
  CC [M]  drivers/nvme/host/fabrics.o
  CC      drivers/scsi/scsi_netlink.o
  CC [M]  drivers/nvme/host/rdma.o
  CC      drivers/scsi/scsi_sysctl.o
  CC      drivers/scsi/scsi_proc.o
  LD [M]  drivers/nvme/host/nvme-core.o
  LD [M]  drivers/nvme/host/nvme-fabrics.o
  LD [M]  drivers/nvme/host/nvme-rdma.o
  CC      drivers/scsi/scsi_debugfs.o
  CC      drivers/ata/libata-core.o
  CC      drivers/scsi/scsi_trace.o
  CC      drivers/scsi/scsi_logging.o
  CC      drivers/scsi/scsi_pm.o
  CC      drivers/scsi/scsi_dh.o
  CC      drivers/ata/libata-scsi.o
  CC      drivers/scsi/scsi_bsg.o
  CC      drivers/scsi/scsi_common.o
  CC      drivers/scsi/virtio_scsi.o
  CC      drivers/ata/libata-eh.o
  CC      drivers/scsi/sd.o
  CC      drivers/scsi/sd_dif.o
  CC      drivers/ata/libata-transport.o
  CC      drivers/scsi/sd_zbc.o
  CC      drivers/scsi/sr.o
  CC      drivers/ata/libata-trace.o
  CC      drivers/scsi/sr_ioctl.o
  CC      drivers/ata/libata-sata.o
  CC      drivers/scsi/sr_vendor.o
  CC      drivers/scsi/sg.o
  CC      drivers/ata/libata-sff.o
  CC [M]  drivers/scsi/scsi_transport_spi.o
  CC      drivers/ata/libata-pmp.o
  CC [M]  drivers/scsi/scsi_transport_fc.o
  CC      drivers/ata/libata-acpi.o
  CC      drivers/ata/libata-zpodd.o
  CC      drivers/ata/libata-pata-timings.o
  CC [M]  drivers/scsi/scsi_transport_sas.o
  CC      drivers/ata/ata_piix.o
  AR      drivers/scsi/built-in.a
  CC      drivers/spi/spi.o
  CC      drivers/ata/pata_sis.o
  CC      drivers/ata/ata_generic.o
  CC [M]  drivers/ata/ahci.o
  CC [M]  drivers/ata/libahci.o
  CC      drivers/spi/spi-mem.o
  AR      drivers/spi/built-in.a
  CC      drivers/net/loopback.o
  CC [M]  drivers/ata/acard-ahci.o
  CC [M]  drivers/ata/ahci_platform.o
  CC      drivers/net/netkit.o
  CC [M]  drivers/ata/libahci_platform.o
  CC      drivers/net/phy/mdio-boardinfo.o
  CC [M]  drivers/ata/ahci_dwc.o
  CC      drivers/net/phy/stubs.o
  CC [M]  drivers/ata/pata_acpi.o
  AR      drivers/ata/built-in.a
  CC      drivers/net/phy/mdio_devres.o
  CC      drivers/net/pse-pd/pse_core.o
  CC      drivers/net/phy/phy.o
  AR      drivers/net/pse-pd/built-in.a
  CC      drivers/net/mdio/acpi_mdio.o
  CC      drivers/net/mdio/fwnode_mdio.o
  CC      drivers/net/phy/phy-c45.o
  AR      drivers/net/mdio/built-in.a
  CC      drivers/net/tun.o
  CC      drivers/net/phy/phy-core.o
  CC      drivers/net/phy/phy_device.o
  CC      drivers/net/virtio_net.o
  CC      drivers/net/phy/linkmode.o
  CC      drivers/net/phy/phy_link_topology.o
  CC      drivers/net/phy/mdio_bus.o
  CC [M]  drivers/message/fusion/mptbase.o
  CC      drivers/net/phy/mdio_device.o
  CC      drivers/net/phy/swphy.o
  CC [M]  drivers/message/fusion/mptscsih.o
  CC      drivers/net/phy/phy_led_triggers.o
  CC [M]  drivers/message/fusion/mptspi.o
  CC      drivers/net/phy/mii_timestamper.o
  CC [M]  drivers/message/fusion/mptfc.o
  CC      drivers/net/phy/bcm84881.o
  CC      drivers/net/phy/fixed_phy.o
  CC [M]  drivers/message/fusion/mptsas.o
  AR      drivers/net/phy/built-in.a
  CC [M]  drivers/net/ethernet/intel/e1000/e1000_main.o
  CC      drivers/cdrom/cdrom.o
  AR      drivers/cdrom/built-in.a
  CC [M]  drivers/net/ethernet/intel/e1000/e1000_hw.o
  CC [M]  drivers/net/ethernet/intel/e1000/e1000_ethtool.o
  CC [M]  drivers/net/ethernet/intel/e1000/e1000_param.o
  CC      drivers/usb/common/common.o
  LD [M]  drivers/net/ethernet/intel/e1000/e1000.o
  CC      drivers/net/ethernet/microchip/vcap/vcap_api_debugfs.o
  CC      drivers/usb/common/debug.o
  CC      drivers/usb/common/led.o
  AR      drivers/usb/common/built-in.a
  CC      drivers/net/ethernet/microchip/vcap/vcap_api.o
  CC      drivers/usb/core/usb.o
  CC      drivers/usb/core/hub.o
  CC      drivers/net/ethernet/microchip/vcap/vcap_tc.o
  CC      drivers/usb/core/hcd.o
  AR      drivers/net/ethernet/microchip/vcap/built-in.a
  AR      drivers/net/ethernet/microchip/built-in.a
  AR      drivers/net/ethernet/built-in.a
  CC      drivers/net/ppp/ppp_generic.o
  CC      drivers/usb/core/urb.o
  AR      drivers/net/ppp/built-in.a
  CC      drivers/net/slip/slhc.o
  CC      drivers/usb/core/message.o
  AR      drivers/net/slip/built-in.a
  CC      drivers/usb/core/driver.o
  CC      drivers/net/xen-netfront.o
  CC      drivers/usb/core/config.o
  CC      drivers/net/net_failover.o
  CC      drivers/usb/core/file.o
  CC      drivers/usb/core/buffer.o
  AR      drivers/net/built-in.a
  CC      drivers/usb/core/sysfs.o
  CC      drivers/input/serio/serio.o
  CC      drivers/usb/core/endpoint.o
  CC      drivers/input/serio/i8042.o
  CC      drivers/usb/core/devio.o
  CC      drivers/input/serio/libps2.o
  CC      drivers/usb/core/notify.o
  CC [M]  drivers/input/serio/serio_raw.o
  CC      drivers/usb/core/generic.o
  AR      drivers/input/serio/built-in.a
  CC      drivers/input/input.o
  CC      drivers/usb/core/quirks.o
  CC      drivers/usb/core/devices.o
  CC      drivers/input/input-compat.o
  CC      drivers/usb/core/phy.o
  CC      drivers/input/input-mt.o
  CC      drivers/usb/core/port.o
  CC      drivers/input/input-poller.o
  CC      drivers/usb/core/hcd-pci.o
  CC      drivers/input/ff-core.o
  CC      drivers/usb/core/usb-acpi.o
  CC      drivers/input/touchscreen.o
  AR      drivers/usb/core/built-in.a
  CC      drivers/input/vivaldi-fmap.o
  CC      drivers/usb/dwc2/core.o
  CC      drivers/input/mousedev.o
  CC      drivers/usb/dwc2/core_intr.o
  CC      drivers/input/evdev.o
  CC      drivers/usb/dwc2/platform.o
  CC      drivers/input/keyboard/atkbd.o
  CC      drivers/usb/dwc2/drd.o
  AR      drivers/input/keyboard/built-in.a
  CC [M]  drivers/input/mouse/psmouse-base.o
  CC      drivers/usb/dwc2/params.o
  CC [M]  drivers/input/mouse/synaptics.o
  CC      drivers/usb/dwc2/hcd.o
  CC [M]  drivers/input/mouse/focaltech.o
  CC [M]  drivers/input/mouse/alps.o
  CC [M]  drivers/input/mouse/byd.o
  CC      drivers/usb/dwc2/hcd_intr.o
  CC [M]  drivers/input/mouse/elantech.o
  CC      drivers/usb/dwc2/hcd_queue.o
  CC [M]  drivers/input/mouse/logips2pp.o
  CC      drivers/usb/dwc2/hcd_ddma.o
  CC [M]  drivers/input/mouse/lifebook.o
  CC [M]  drivers/input/mouse/sentelic.o
  CC      drivers/usb/dwc2/debugfs.o
  CC [M]  drivers/input/mouse/trackpoint.o
  AR      drivers/usb/dwc2/built-in.a
  CC      drivers/usb/host/pci-quirks.o
  CC [M]  drivers/input/mouse/touchkit_ps2.o
  CC [M]  drivers/input/mouse/cypress_ps2.o
  CC      drivers/usb/host/ehci-hcd.o
  CC [M]  drivers/input/mouse/vmmouse.o
  CC [M]  drivers/input/mouse/psmouse-smbus.o
  LD [M]  drivers/input/mouse/psmouse.o
  CC      drivers/input/touchscreen/elants_i2c.o
  AR      drivers/input/touchscreen/built-in.a
  CC      drivers/input/misc/uinput.o
  CC      drivers/usb/host/ehci-pci.o
  AR      drivers/input/misc/built-in.a
  CC [M]  drivers/input/input-leds.o
  CC      drivers/usb/host/ehci-platform.o
  CC [M]  drivers/input/joydev.o
  CC      drivers/usb/host/ohci-hcd.o
  AR      drivers/input/built-in.a
  CC      drivers/rtc/lib.o
  CC      drivers/rtc/class.o
  CC      drivers/rtc/interface.o
  CC      drivers/usb/host/ohci-pci.o
  CC      drivers/usb/host/ohci-platform.o
  CC      drivers/usb/host/uhci-hcd.o
  CC      drivers/rtc/nvmem.o
  CC      drivers/rtc/dev.o
  CC      drivers/rtc/proc.o
  CC      drivers/usb/host/xhci.o
  CC      drivers/rtc/sysfs.o
  CC      drivers/rtc/rtc-mc146818-lib.o
  CC      drivers/rtc/rtc-cmos.o
  AR      drivers/rtc/built-in.a
  CC      drivers/usb/host/xhci-mem.o
  CC      drivers/i2c/i2c-boardinfo.o
  CC      drivers/i2c/i2c-core-base.o
  CC      drivers/usb/host/xhci-ext-caps.o
  CC      drivers/usb/host/xhci-ring.o
  CC      drivers/i2c/i2c-core-smbus.o
  CC      drivers/i2c/i2c-core-acpi.o
  CC      drivers/usb/host/xhci-hub.o
  CC      drivers/i2c/i2c-dev.o
  CC      drivers/i2c/busses/i2c-designware-common.o
  CC      drivers/usb/host/xhci-dbg.o
  CC      drivers/usb/host/xhci-trace.o
  CC      drivers/i2c/busses/i2c-designware-master.o
  CC      drivers/i2c/busses/i2c-designware-platdrv.o
  CC      drivers/usb/host/xhci-dbgcap.o
  CC      drivers/i2c/busses/i2c-designware-baytrail.o
  CC [M]  drivers/i2c/busses/i2c-piix4.o
  CC      drivers/usb/host/xhci-dbgtty.o
  AR      drivers/i2c/busses/built-in.a
  CC [M]  drivers/i2c/i2c-smbus.o
  CC      drivers/usb/host/xhci-debugfs.o
  CC      drivers/usb/host/xhci-pci.o
  AR      drivers/i2c/built-in.a
  CC      drivers/pps/pps.o
  AR      drivers/usb/host/built-in.a
  CC      drivers/usb/early/ehci-dbgp.o
  CC      drivers/pps/kapi.o
  CC      drivers/pps/sysfs.o
  CC      drivers/usb/early/xhci-dbc.o
  AR      drivers/pps/built-in.a
  CC      drivers/ptp/ptp_clock.o
  AR      drivers/usb/early/built-in.a
  CC      drivers/usb/roles/class.o
  CC      drivers/ptp/ptp_chardev.o
  AR      drivers/usb/roles/built-in.a
  AR      drivers/usb/built-in.a
  CC      drivers/power/reset/restart-poweroff.o
  AR      drivers/power/reset/built-in.a
  CC      drivers/power/supply/power_supply_core.o
  CC      drivers/ptp/ptp_sysfs.o
  CC      drivers/ptp/ptp_vclock.o
  CC      drivers/power/supply/power_supply_sysfs.o
  AR      drivers/ptp/built-in.a
  CC      drivers/power/supply/power_supply_leds.o
  CC      drivers/power/supply/power_supply_hwmon.o
  CC      drivers/power/supply/samsung-sdi-battery.o
  CC      drivers/power/supply/charger-manager.o
  CC      drivers/hwmon/hwmon.o
  AR      drivers/power/supply/built-in.a
  AR      drivers/power/built-in.a
  CC      drivers/thermal/thermal_core.o
  AR      drivers/hwmon/built-in.a
  CC      drivers/watchdog/watchdog_core.o
  CC      drivers/thermal/thermal_sysfs.o
  CC      drivers/watchdog/watchdog_dev.o
  CC      drivers/thermal/thermal_trip.o
  CC      drivers/thermal/thermal_helpers.o
  CC      drivers/watchdog/watchdog_pretimeout.o
  CC      drivers/thermal/thermal_netlink.o
  CC      drivers/watchdog/pretimeout_noop.o
  AR      drivers/watchdog/built-in.a
  CC      drivers/md/md.o
  CC      drivers/thermal/thermal_hwmon.o
  CC      drivers/thermal/gov_fair_share.o
  CC      drivers/thermal/gov_bang_bang.o
  CC      drivers/thermal/gov_step_wise.o
  CC      drivers/thermal/gov_user_space.o
  CC      drivers/thermal/gov_power_allocator.o
  CC      drivers/thermal/devfreq_cooling.o
  CC      drivers/md/md-bitmap.o
  CC      drivers/thermal/intel/therm_throt.o
  CC      drivers/md/md-autodetect.o
  CC      drivers/thermal/intel/intel_hfi.o
  CC      drivers/md/dm-init.o
  AR      drivers/thermal/intel/built-in.a
  AR      drivers/thermal/built-in.a
  CC      drivers/edac/edac_mc.o
  CC      drivers/md/dm-uevent.o
  CC      drivers/md/dm-zone.o
  CC      drivers/edac/edac_device.o
  CC      drivers/md/dm-ima.o
  CC      drivers/edac/edac_mc_sysfs.o
  CC      drivers/edac/edac_module.o
  CC      drivers/md/dm-audit.o
  CC      drivers/edac/edac_device_sysfs.o
  CC      drivers/md/dm.o
  CC      drivers/edac/wq.o
  CC      drivers/edac/edac_pci.o
  CC      drivers/md/dm-table.o
  CC      drivers/edac/edac_pci_sysfs.o
  CC      drivers/edac/ghes_edac.o
  CC      drivers/md/dm-target.o
  AR      drivers/edac/built-in.a
  CC      drivers/opp/core.o
  CC      drivers/md/dm-linear.o
  CC      drivers/md/dm-stripe.o
  CC      drivers/opp/cpu.o
  CC      drivers/md/dm-ioctl.o
  CC      drivers/opp/debugfs.o
  AR      drivers/opp/built-in.a
  CC      drivers/cpufreq/cpufreq.o
  CC      drivers/md/dm-io.o
  CC      drivers/md/dm-kcopyd.o
  CC      drivers/cpufreq/freq_table.o
  CC      drivers/md/dm-sysfs.o
  CC      drivers/cpufreq/cpufreq_stats.o
  CC      drivers/md/dm-stats.o
  CC      drivers/cpufreq/cpufreq_performance.o
  CC      drivers/cpufreq/cpufreq_powersave.o
  CC      drivers/cpufreq/cpufreq_userspace.o
  CC      drivers/md/dm-rq.o
  CC      drivers/cpufreq/cpufreq_ondemand.o
  CC      drivers/md/dm-io-rewind.o
  CC      drivers/cpufreq/cpufreq_conservative.o
  CC      drivers/md/dm-builtin.o
  CC      drivers/cpufreq/cpufreq_governor.o
  CC [M]  drivers/md/dm-raid1.o
  CC      drivers/cpufreq/cpufreq_governor_attr_set.o
  CC      drivers/cpufreq/acpi-cpufreq.o
  CC [M]  drivers/md/dm-log.o
  CC      drivers/cpufreq/amd-pstate.o
  CC [M]  drivers/md/dm-region-hash.o
  AR      drivers/md/built-in.a
  LD [M]  drivers/md/dm-mirror.o
  CC      drivers/cpufreq/amd-pstate-trace.o
  CC      drivers/cpufreq/powernow-k8.o
  CC      drivers/cpuidle/cpuidle.o
  CC      drivers/cpufreq/pcc-cpufreq.o
  CC      drivers/cpufreq/speedstep-centrino.o
  CC      drivers/cpuidle/driver.o
  CC      drivers/cpufreq/intel_pstate.o
  CC      drivers/cpuidle/governor.o
  CC      drivers/cpuidle/sysfs.o
  CC      drivers/cpuidle/governors/ladder.o
  AR      drivers/cpufreq/built-in.a
  CC      drivers/cpuidle/poll_state.o
  CC      drivers/cpuidle/governors/menu.o
  CC      drivers/mmc/core/core.o
  CC      drivers/cpuidle/governors/teo.o
  CC      drivers/cpuidle/governors/haltpoll.o
  AR      drivers/cpuidle/governors/built-in.a
  AR      drivers/cpuidle/built-in.a
  CC      drivers/mmc/core/bus.o
  CC      drivers/mmc/core/host.o
  CC      drivers/mmc/core/mmc.o
  CC      drivers/mmc/core/mmc_ops.o
  CC      drivers/mmc/core/sd.o
  CC      drivers/mmc/core/sd_ops.o
  CC      drivers/mmc/core/sdio.o
  CC      drivers/mmc/core/sdio_ops.o
  CC      drivers/mmc/core/sdio_bus.o
  CC      drivers/mmc/core/sdio_cis.o
  CC      drivers/mmc/core/sdio_io.o
  CC      drivers/firmware/dmi_scan.o
  CC      drivers/mmc/core/sdio_irq.o
  CC      drivers/firmware/edd.o
  CC      drivers/mmc/core/slot-gpio.o
  CC      drivers/firmware/dmi-id.o
  CC      drivers/firmware/memmap.o
  CC      drivers/mmc/core/regulator.o
  CC      drivers/firmware/sysfb.o
  CC      drivers/mmc/core/debugfs.o
  CC      drivers/firmware/sysfb_simplefb.o
  CC      drivers/mmc/core/crypto.o
  CC      drivers/firmware/efi/efi-bgrt.o
  AR      drivers/mmc/core/built-in.a
  AR      drivers/mmc/built-in.a
  CC      drivers/clocksource/acpi_pm.o
  CC      drivers/firmware/efi/efi.o
  CC      drivers/clocksource/i8253.o
  CC      drivers/firmware/efi/vars.o
  CC      drivers/clocksource/numachip.o
  AR      drivers/clocksource/built-in.a
  CC      drivers/hid/bpf/hid_bpf_dispatch.o
  CC      drivers/firmware/efi/reboot.o
  CC      drivers/firmware/efi/memattr.o
  CC      drivers/firmware/efi/tpm.o
  CC      drivers/hid/bpf/hid_bpf_struct_ops.o
  CC      drivers/firmware/efi/memmap.o
  AR      drivers/hid/bpf/built-in.a
  CC [M]  drivers/hid/hid-core.o
  CC      drivers/firmware/efi/esrt.o
  CC      drivers/firmware/efi/cper.o
  CC [M]  drivers/hid/hid-input.o
  CC      drivers/firmware/efi/cper_cxl.o
  CC      drivers/firmware/efi/runtime-wrappers.o
  CC      drivers/firmware/efi/dev-path-parser.o
  CC [M]  drivers/hid/hid-quirks.o
  CC      drivers/firmware/efi/apple-properties.o
  CC      drivers/firmware/efi/rci2-table.o
  CC [M]  drivers/hid/hid-debug.o
  CC      drivers/firmware/efi/mokvar-table.o
  CC      drivers/firmware/efi/sysfb_efi.o
  CC [M]  drivers/hid/hidraw.o
  CC      drivers/firmware/efi/earlycon.o
  CC      drivers/firmware/efi/cper-x86.o
  CC [M]  drivers/hid/hid-generic.o
  CC      drivers/firmware/efi/unaccepted_memory.o
  CC [M]  drivers/hid/usbhid/hid-core.o
  CC [M]  drivers/firmware/efi/efi-pstore.o
  CC      drivers/firmware/efi/libstub/efi-stub-helper.o
  CC      drivers/firmware/efi/libstub/gop.o
  CC [M]  drivers/hid/usbhid/hiddev.o
  CC      drivers/firmware/efi/libstub/secureboot.o
  CC      drivers/firmware/efi/libstub/tpm.o
  CC [M]  drivers/hid/usbhid/hid-pidff.o
  CC      drivers/firmware/efi/libstub/file.o
  CC      drivers/firmware/efi/libstub/mem.o
  CC      drivers/firmware/efi/libstub/random.o
  LD [M]  drivers/hid/usbhid/usbhid.o
  AR      drivers/hid/built-in.a
  LD [M]  drivers/hid/hid.o
  CC [M]  drivers/firmware/dmi-sysfs.o
  CC      drivers/firmware/efi/libstub/randomalloc.o
  CC      drivers/firmware/efi/libstub/pci.o
  CC      drivers/staging/vme_user/vme.o
  CC      drivers/firmware/efi/libstub/skip_spaces.o
  CC      drivers/firmware/efi/libstub/lib-cmdline.o
  CC      drivers/firmware/efi/libstub/lib-ctype.o
  CC      drivers/firmware/efi/libstub/alignedmem.o
  CC      drivers/firmware/efi/libstub/relocate.o
  CC      drivers/firmware/efi/libstub/printk.o
  AR      drivers/staging/vme_user/built-in.a
  AR      drivers/staging/built-in.a
  CC      drivers/platform/x86/amd/wbrf.o
  CC      drivers/firmware/efi/libstub/vsprintf.o
  CC      drivers/firmware/efi/libstub/x86-stub.o
  AR      drivers/platform/x86/amd/built-in.a
  CC      drivers/platform/x86/intel/turbo_max_3.o
  CC [M]  drivers/platform/x86/intel/vsec.o
  CC      drivers/firmware/efi/libstub/smbios.o
  CC      drivers/firmware/efi/libstub/x86-5lvl.o
  CC      drivers/firmware/efi/libstub/unaccepted_memory.o
  CC [M]  drivers/platform/x86/intel/pmc/core.o
  CC      drivers/firmware/efi/libstub/bitmap.o
  CC      drivers/firmware/efi/libstub/find.o
  STUBCPY drivers/firmware/efi/libstub/alignedmem.stub.o
  STUBCPY drivers/firmware/efi/libstub/bitmap.stub.o
  STUBCPY drivers/firmware/efi/libstub/efi-stub-helper.stub.o
  STUBCPY drivers/firmware/efi/libstub/file.stub.o
  STUBCPY drivers/firmware/efi/libstub/find.stub.o
  STUBCPY drivers/firmware/efi/libstub/gop.stub.o
  STUBCPY drivers/firmware/efi/libstub/lib-cmdline.stub.o
  STUBCPY drivers/firmware/efi/libstub/lib-ctype.stub.o
  STUBCPY drivers/firmware/efi/libstub/mem.stub.o
  STUBCPY drivers/firmware/efi/libstub/pci.stub.o
  STUBCPY drivers/firmware/efi/libstub/printk.stub.o
  STUBCPY drivers/firmware/efi/libstub/random.stub.o
  STUBCPY drivers/firmware/efi/libstub/randomalloc.stub.o
  STUBCPY drivers/firmware/efi/libstub/relocate.stub.o
  STUBCPY drivers/firmware/efi/libstub/secureboot.stub.o
  STUBCPY drivers/firmware/efi/libstub/skip_spaces.stub.o
  STUBCPY drivers/firmware/efi/libstub/smbios.stub.o
  STUBCPY drivers/firmware/efi/libstub/tpm.stub.o
  STUBCPY drivers/firmware/efi/libstub/unaccepted_memory.stub.o
  STUBCPY drivers/firmware/efi/libstub/vsprintf.stub.o
  STUBCPY drivers/firmware/efi/libstub/x86-5lvl.stub.o
  STUBCPY drivers/firmware/efi/libstub/x86-stub.stub.o
  AR      drivers/firmware/efi/libstub/lib.a
  AR      drivers/firmware/efi/built-in.a
  AR      drivers/firmware/built-in.a
  CC      drivers/mailbox/mailbox.o
  CC [M]  drivers/platform/x86/intel/pmc/core_ssram.o
  CC [M]  drivers/platform/x86/intel/pmc/spt.o
  CC      drivers/mailbox/pcc.o
  CC [M]  drivers/platform/x86/intel/pmc/cnp.o
  AR      drivers/mailbox/built-in.a
  CC [M]  drivers/platform/x86/intel/pmc/icl.o
  CC      drivers/hwspinlock/hwspinlock_core.o
  CC [M]  drivers/platform/x86/intel/pmc/tgl.o
  AR      drivers/hwspinlock/built-in.a
  CC [M]  drivers/platform/x86/intel/pmc/adl.o
  CC      drivers/remoteproc/remoteproc_core.o
  CC [M]  drivers/platform/x86/intel/pmc/mtl.o
  CC [M]  drivers/platform/x86/intel/pmc/arl.o
  CC      drivers/remoteproc/remoteproc_coredump.o
  CC [M]  drivers/platform/x86/intel/pmc/lnl.o
  CC [M]  drivers/platform/x86/intel/pmc/pltdrv.o
  CC      drivers/remoteproc/remoteproc_debugfs.o
  LD [M]  drivers/platform/x86/intel/pmc/intel_pmc_core.o
  LD [M]  drivers/platform/x86/intel/pmc/intel_pmc_core_pltdrv.o
  CC [M]  drivers/platform/x86/intel/pmt/class.o
  CC      drivers/remoteproc/remoteproc_sysfs.o
  CC [M]  drivers/platform/x86/intel/pmt/telemetry.o
  CC      drivers/remoteproc/remoteproc_virtio.o
  LD [M]  drivers/platform/x86/intel/pmt/pmt_class.o
  LD [M]  drivers/platform/x86/intel/pmt/pmt_telemetry.o
  CC [M]  drivers/platform/x86/intel/uncore-frequency/uncore-frequency.o
  CC      drivers/remoteproc/remoteproc_elf_loader.o
  CC [M]  drivers/platform/x86/intel/uncore-frequency/uncore-frequency-common.o
  CC      drivers/remoteproc/remoteproc_cdev.o
  LD [M]  drivers/platform/x86/intel/uncore-frequency/intel-uncore-frequency.o
  LD [M]  drivers/platform/x86/intel/uncore-frequency/intel-uncore-frequency-common.o
  AR      drivers/platform/x86/intel/built-in.a
  LD [M]  drivers/platform/x86/intel/intel_vsec.o
  CC      drivers/platform/x86/intel_scu_ipc.o
  AR      drivers/remoteproc/built-in.a
  CC      drivers/platform/x86/intel_scu_pcidrv.o
  CC      drivers/devfreq/devfreq.o
  CC      drivers/platform/x86/pmc_atom.o
  AR      drivers/platform/x86/built-in.a
  AR      drivers/platform/built-in.a
  CC      drivers/devfreq/devfreq-event.o
  CC      drivers/devfreq/governor_simpleondemand.o
  CC      drivers/devfreq/governor_performance.o
  CC      drivers/devfreq/governor_powersave.o
  CC      drivers/devfreq/governor_userspace.o
  CC      drivers/extcon/extcon.o
  CC      drivers/devfreq/governor_passive.o
  AR      drivers/devfreq/built-in.a
  CC      drivers/extcon/devres.o
  CC      drivers/powercap/powercap_sys.o
  AR      drivers/extcon/built-in.a
  CC      drivers/powercap/idle_inject.o
  CC [M]  drivers/powercap/intel_rapl_common.o
  CC [M]  drivers/powercap/intel_rapl_msr.o
  CC      drivers/ras/ras.o
  AR      drivers/powercap/built-in.a
  CC      drivers/ras/debugfs.o
  CC      drivers/ras/cec.o
  CC      drivers/nvmem/core.o
  AR      drivers/ras/built-in.a
  CC      drivers/interconnect/core.o
  AR      drivers/nvmem/built-in.a
  CC      drivers/hte/hte.o
  CC      drivers/interconnect/bulk.o
  AR      drivers/hte/built-in.a
  CC [M]  drivers/parport/share.o
  CC      drivers/interconnect/debugfs-client.o
  CC [M]  drivers/parport/ieee1284.o
  AR      drivers/interconnect/built-in.a
  CC [M]  drivers/input/gameport/gameport.o
  CC [M]  drivers/parport/ieee1284_ops.o
  CC [M]  drivers/infiniband/core/packer.o
  CC [M]  drivers/parport/procfs.o
  CC [M]  drivers/parport/daisy.o
  CC [M]  drivers/parport/probe.o
  CC [M]  drivers/infiniband/core/ud_header.o
  CC [M]  drivers/parport/parport_pc.o
  CC [M]  drivers/infiniband/core/verbs.o
  LD [M]  drivers/parport/parport.o
  CC [M]  drivers/infiniband/core/cq.o
  CC [M]  drivers/infiniband/core/rw.o
  CC [M]  drivers/infiniband/core/sysfs.o
  AR      drivers/built-in.a
  CC [M]  drivers/infiniband/core/device.o
  CC [M]  drivers/infiniband/core/cache.o
  CC [M]  drivers/infiniband/core/netlink.o
  CC [M]  drivers/infiniband/core/roce_gid_mgmt.o
  CC [M]  drivers/infiniband/core/mr_pool.o
  CC [M]  drivers/infiniband/core/addr.o
  CC [M]  drivers/infiniband/core/sa_query.o
  CC [M]  drivers/infiniband/core/multicast.o
  CC [M]  drivers/infiniband/core/mad.o
  CC [M]  drivers/infiniband/core/smi.o
  CC [M]  drivers/infiniband/core/agent.o
  CC [M]  drivers/infiniband/core/mad_rmpp.o
  CC [M]  drivers/infiniband/core/nldev.o
  CC [M]  drivers/infiniband/core/restrack.o
  CC [M]  drivers/infiniband/core/counters.o
  CC [M]  drivers/infiniband/core/ib_core_uverbs.o
  CC [M]  drivers/infiniband/core/trace.o
  CC [M]  drivers/infiniband/core/lag.o
  CC [M]  drivers/infiniband/core/iter.o
  CC [M]  drivers/infiniband/core/security.o
  CC [M]  drivers/infiniband/core/cgroup.o
  CC [M]  drivers/infiniband/core/cm.o
  CC [M]  drivers/infiniband/core/cm_trace.o
  CC [M]  drivers/infiniband/core/iwcm.o
  CC [M]  drivers/infiniband/core/iwpm_util.o
  CC [M]  drivers/infiniband/core/iwpm_msg.o
  CC [M]  drivers/infiniband/core/cma.o
  CC [M]  drivers/infiniband/core/cma_trace.o
  CC [M]  drivers/infiniband/core/cma_configfs.o
  LD [M]  drivers/infiniband/core/ib_core.o
  LD [M]  drivers/infiniband/core/ib_cm.o
  LD [M]  drivers/infiniband/core/iw_cm.o
  LD [M]  drivers/infiniband/core/rdma_cm.o
  AR      built-in.a
  AR      vmlinux.a
  LD      vmlinux.o
  OBJCOPY modules.builtin.modinfo
  GEN     modules.builtin
  GEN     .vmlinux.objs
  MODPOST Module.symvers
  CC [M]  arch/x86/events/rapl.mod.o
  CC      .vmlinux.export.o
  CC [M]  .module-common.o
  CC [M]  arch/x86/kernel/msr.mod.o
  UPD     include/generated/utsversion.h
  CC      init/version-timestamp.o
  KSYMS   .tmp_vmlinux0.kallsyms.S
  AS      .tmp_vmlinux0.kallsyms.o
  LD      .tmp_vmlinux1
  CC [M]  arch/x86/crypto/aesni-intel.mod.o
  CC [M]  arch/x86/crypto/sha1-ssse3.mod.o
  CC [M]  arch/x86/crypto/sha256-ssse3.mod.o
  CC [M]  arch/x86/crypto/ghash-clmulni-intel.mod.o
  CC [M]  arch/x86/crypto/polyval-clmulni.mod.o
  CC [M]  arch/x86/crypto/crc32-pclmul.mod.o
  CC [M]  arch/x86/crypto/crct10dif-pclmul.mod.o
  CC [M]  kernel/configs.mod.o
  CC [M]  fs/binfmt_misc.mod.o
  CC [M]  fs/autofs/autofs4.mod.o
  CC [M]  fs/btrfs/btrfs.mod.o
  CC [M]  crypto/blake2b_generic.mod.o
  CC [M]  crypto/cryptd.mod.o
  CC [M]  crypto/xxhash_generic.mod.o
  CC [M]  crypto/polyval-generic.mod.o
  CC [M]  crypto/xor.mod.o
  CC [M]  crypto/crypto_simd.mod.o
  CC [M]  lib/libcrc32c.mod.o
  CC [M]  lib/raid6/raid6_pq.mod.o
  CC [M]  drivers/char/lp.mod.o
  CC [M]  drivers/char/ppdev.mod.o
  CC [M]  drivers/gpu/drm/drm_ttm_helper.mod.o
  CC [M]  drivers/gpu/drm/ttm/ttm.mod.o
  CC [M]  drivers/gpu/drm/vmwgfx/vmwgfx.mod.o
  CC [M]  drivers/misc/vmw_balloon.mod.o
  CC [M]  drivers/misc/vmw_vmci/vmw_vmci.mod.o
  CC [M]  drivers/macintosh/mac_hid.mod.o
  CC [M]  drivers/scsi/scsi_transport_spi.mod.o
  CC [M]  drivers/scsi/scsi_transport_fc.mod.o
  CC [M]  drivers/scsi/scsi_transport_sas.mod.o
  CC [M]  drivers/nvme/common/nvme-auth.mod.o
  CC [M]  drivers/nvme/host/nvme-core.mod.o
  CC [M]  drivers/nvme/host/nvme-fabrics.mod.o
  CC [M]  drivers/nvme/host/nvme-rdma.mod.o
  CC [M]  drivers/ata/ahci.mod.o
  NM      .tmp_vmlinux1.syms
  CC [M]  drivers/ata/libahci.mod.o
  CC [M]  drivers/ata/acard-ahci.mod.o
  KSYMS   .tmp_vmlinux1.kallsyms.S
  CC [M]  drivers/ata/ahci_platform.mod.o
  CC [M]  drivers/ata/libahci_platform.mod.o
  CC [M]  drivers/ata/ahci_dwc.mod.o
  CC [M]  drivers/ata/pata_acpi.mod.o
  AS      .tmp_vmlinux1.kallsyms.o
  CC [M]  drivers/net/ethernet/intel/e1000/e1000.mod.o
  CC [M]  drivers/message/fusion/mptbase.mod.o
  CC [M]  drivers/message/fusion/mptscsih.mod.o
  CC [M]  drivers/message/fusion/mptspi.mod.o
  CC [M]  drivers/message/fusion/mptfc.mod.o
  LD      .tmp_vmlinux2
  CC [M]  drivers/message/fusion/mptsas.mod.o
  CC [M]  drivers/input/serio/serio_raw.mod.o
  CC [M]  drivers/input/mouse/psmouse.mod.o
  CC [M]  drivers/input/input-leds.mod.o
  CC [M]  drivers/input/joydev.mod.o
  CC [M]  drivers/i2c/busses/i2c-piix4.mod.o
  CC [M]  drivers/i2c/i2c-smbus.mod.o
  CC [M]  drivers/md/dm-mirror.mod.o
  CC [M]  drivers/md/dm-log.mod.o
  CC [M]  drivers/md/dm-region-hash.mod.o
  CC [M]  drivers/firmware/efi/efi-pstore.mod.o
  CC [M]  drivers/firmware/dmi-sysfs.mod.o
  CC [M]  drivers/hid/hid.mod.o
  CC [M]  drivers/hid/hid-generic.mod.o
  CC [M]  drivers/hid/usbhid/usbhid.mod.o
  CC [M]  drivers/platform/x86/intel/pmc/intel_pmc_core.mod.o
  CC [M]  drivers/platform/x86/intel/pmc/intel_pmc_core_pltdrv.mod.o
  CC [M]  drivers/platform/x86/intel/pmt/pmt_class.mod.o
  CC [M]  drivers/platform/x86/intel/pmt/pmt_telemetry.mod.o
  CC [M]  drivers/platform/x86/intel/uncore-frequency/intel-uncore-frequency.mod.o
  CC [M]  drivers/platform/x86/intel/uncore-frequency/intel-uncore-frequency-common.mod.o
  CC [M]  drivers/platform/x86/intel/intel_vsec.mod.o
  CC [M]  drivers/powercap/intel_rapl_common.mod.o
  NM      .tmp_vmlinux2.syms
  CC [M]  drivers/powercap/intel_rapl_msr.mod.o
  CC [M]  drivers/parport/parport.mod.o
  KSYMS   .tmp_vmlinux2.kallsyms.S
  CC [M]  drivers/parport/parport_pc.mod.o
  CC [M]  drivers/input/gameport/gameport.mod.o
  CC [M]  drivers/infiniband/core/ib_core.mod.o
  AS      .tmp_vmlinux2.kallsyms.o
  CC [M]  drivers/infiniband/core/ib_cm.mod.o
  CC [M]  drivers/infiniband/core/iw_cm.mod.o
  CC [M]  drivers/infiniband/core/rdma_cm.mod.o
  CC [M]  sound/soundcore.mod.o
  CC [M]  sound/core/snd.mod.o
  LD      vmlinux
  CC [M]  sound/core/snd-timer.mod.o
  CC [M]  sound/core/snd-hrtimer.mod.o
  CC [M]  sound/core/snd-pcm.mod.o
  CC [M]  sound/core/snd-seq-device.mod.o
  CC [M]  sound/core/snd-rawmidi.mod.o
  CC [M]  sound/core/seq/snd-seq.mod.o
  CC [M]  sound/core/seq/snd-seq-dummy.mod.o
  CC [M]  sound/core/seq/snd-seq-midi.mod.o
  CC [M]  sound/core/seq/snd-seq-midi-event.mod.o
  CC [M]  sound/pci/snd-ens1371.mod.o
  CC [M]  sound/pci/ac97/snd-ac97-codec.mod.o
  CC [M]  sound/ac97_bus.mod.o
  CC [M]  net/sched/sch_fq_codel.mod.o
  CC [M]  net/netfilter/nfnetlink.mod.o
  CC [M]  net/netfilter/nfnetlink_hook.mod.o
  CC [M]  net/netfilter/nf_tables.mod.o
  CC [M]  net/netfilter/x_tables.mod.o
  CC [M]  net/netfilter/xt_tcpudp.mod.o
  CC [M]  net/ipv4/netfilter/ip_tables.mod.o
  CC [M]  net/ipv4/netfilter/iptable_filter.mod.o
  CC [M]  net/ipv4/inet_diag.mod.o
  CC [M]  net/ipv4/tcp_diag.mod.o
  CC [M]  net/mptcp/mptcp_diag.mod.o
  CC [M]  net/tls/tls.mod.o
  CC [M]  net/qrtr/qrtr.mod.o
  LD [M]  arch/x86/events/rapl.ko
  LD [M]  arch/x86/kernel/msr.ko
  LD [M]  arch/x86/crypto/aesni-intel.ko
  LD [M]  arch/x86/crypto/sha1-ssse3.ko
  LD [M]  arch/x86/crypto/sha256-ssse3.ko
  LD [M]  arch/x86/crypto/ghash-clmulni-intel.ko
  LD [M]  arch/x86/crypto/polyval-clmulni.ko
  LD [M]  arch/x86/crypto/crc32-pclmul.ko
  LD [M]  arch/x86/crypto/crct10dif-pclmul.ko
  LD [M]  kernel/configs.ko
  LD [M]  fs/binfmt_misc.ko
  LD [M]  fs/autofs/autofs4.ko
  LD [M]  fs/btrfs/btrfs.ko
  LD [M]  crypto/blake2b_generic.ko
  LD [M]  crypto/cryptd.ko
  LD [M]  crypto/xxhash_generic.ko
  LD [M]  crypto/polyval-generic.ko
  LD [M]  crypto/xor.ko
  LD [M]  crypto/crypto_simd.ko
  LD [M]  lib/libcrc32c.ko
  LD [M]  lib/raid6/raid6_pq.ko
  LD [M]  drivers/char/lp.ko
  LD [M]  drivers/char/ppdev.ko
  LD [M]  drivers/gpu/drm/drm_ttm_helper.ko
  LD [M]  drivers/gpu/drm/ttm/ttm.ko
  LD [M]  drivers/gpu/drm/vmwgfx/vmwgfx.ko
  LD [M]  drivers/misc/vmw_balloon.ko
  LD [M]  drivers/misc/vmw_vmci/vmw_vmci.ko
  LD [M]  drivers/macintosh/mac_hid.ko
  LD [M]  drivers/scsi/scsi_transport_spi.ko
  LD [M]  drivers/scsi/scsi_transport_fc.ko
  LD [M]  drivers/scsi/scsi_transport_sas.ko
  LD [M]  drivers/nvme/common/nvme-auth.ko
  LD [M]  drivers/nvme/host/nvme-core.ko
  LD [M]  drivers/nvme/host/nvme-fabrics.ko
  LD [M]  drivers/nvme/host/nvme-rdma.ko
  LD [M]  drivers/ata/ahci.ko
  LD [M]  drivers/ata/libahci.ko
  LD [M]  drivers/ata/acard-ahci.ko
  LD [M]  drivers/ata/ahci_platform.ko
  LD [M]  drivers/ata/libahci_platform.ko
  LD [M]  drivers/ata/ahci_dwc.ko
  LD [M]  drivers/ata/pata_acpi.ko
  LD [M]  drivers/net/ethernet/intel/e1000/e1000.ko
  LD [M]  drivers/message/fusion/mptbase.ko
  LD [M]  drivers/message/fusion/mptscsih.ko
  LD [M]  drivers/message/fusion/mptspi.ko
  LD [M]  drivers/message/fusion/mptfc.ko
  LD [M]  drivers/message/fusion/mptsas.ko
  LD [M]  drivers/input/serio/serio_raw.ko
  LD [M]  drivers/input/mouse/psmouse.ko
  LD [M]  drivers/input/input-leds.ko
  LD [M]  drivers/input/joydev.ko
  LD [M]  drivers/i2c/busses/i2c-piix4.ko
  LD [M]  drivers/i2c/i2c-smbus.ko
  LD [M]  drivers/md/dm-mirror.ko
  LD [M]  drivers/md/dm-log.ko
  LD [M]  drivers/md/dm-region-hash.ko
  LD [M]  drivers/firmware/efi/efi-pstore.ko
  LD [M]  drivers/firmware/dmi-sysfs.ko
  LD [M]  drivers/hid/hid.ko
  LD [M]  drivers/hid/hid-generic.ko
  LD [M]  drivers/hid/usbhid/usbhid.ko
  LD [M]  drivers/platform/x86/intel/pmc/intel_pmc_core.ko
  LD [M]  drivers/platform/x86/intel/pmc/intel_pmc_core_pltdrv.ko
  LD [M]  drivers/platform/x86/intel/pmt/pmt_class.ko
  LD [M]  drivers/platform/x86/intel/pmt/pmt_telemetry.ko
  LD [M]  drivers/platform/x86/intel/uncore-frequency/intel-uncore-frequency.ko
  LD [M]  drivers/platform/x86/intel/uncore-frequency/intel-uncore-frequency-common.ko
  LD [M]  drivers/platform/x86/intel/intel_vsec.ko
  LD [M]  drivers/powercap/intel_rapl_common.ko
  LD [M]  drivers/powercap/intel_rapl_msr.ko
  LD [M]  drivers/parport/parport.ko
  LD [M]  drivers/parport/parport_pc.ko
  LD [M]  drivers/input/gameport/gameport.ko
  LD [M]  drivers/infiniband/core/ib_core.ko
  LD [M]  drivers/infiniband/core/ib_cm.ko
  LD [M]  drivers/infiniband/core/iw_cm.ko
  LD [M]  drivers/infiniband/core/rdma_cm.ko
  LD [M]  sound/soundcore.ko
  LD [M]  sound/core/snd.ko
  LD [M]  sound/core/snd-timer.ko
  LD [M]  sound/core/snd-hrtimer.ko
  LD [M]  sound/core/snd-pcm.ko
  LD [M]  sound/core/snd-seq-device.ko
  LD [M]  sound/core/snd-rawmidi.ko
  LD [M]  sound/core/seq/snd-seq.ko
  LD [M]  sound/core/seq/snd-seq-dummy.ko
  LD [M]  sound/core/seq/snd-seq-midi.ko
  LD [M]  sound/core/seq/snd-seq-midi-event.ko
  LD [M]  sound/pci/snd-ens1371.ko
  LD [M]  sound/pci/ac97/snd-ac97-codec.ko
  LD [M]  sound/ac97_bus.ko
  LD [M]  net/sched/sch_fq_codel.ko
  LD [M]  net/netfilter/nfnetlink.ko
  LD [M]  net/netfilter/nfnetlink_hook.ko
  LD [M]  net/netfilter/nf_tables.ko
  LD [M]  net/netfilter/x_tables.ko
  LD [M]  net/netfilter/xt_tcpudp.ko
  LD [M]  net/ipv4/netfilter/ip_tables.ko
  LD [M]  net/ipv4/netfilter/iptable_filter.ko
  LD [M]  net/ipv4/inet_diag.ko
  LD [M]  net/ipv4/tcp_diag.ko
  LD [M]  net/mptcp/mptcp_diag.ko
  LD [M]  net/tls/tls.ko
  LD [M]  net/qrtr/qrtr.ko
  NM      System.map
  SORTTAB vmlinux
  RELOCS  arch/x86/boot/compressed/vmlinux.relocs
  RSTRIP  vmlinux
  CC      arch/x86/boot/a20.o
  AS      arch/x86/boot/bioscall.o
  CC      arch/x86/boot/cmdline.o
  AS      arch/x86/boot/copy.o
  HOSTCC  arch/x86/boot/mkcpustr
  CC      arch/x86/boot/cpuflags.o
  CC      arch/x86/boot/cpucheck.o
  CC      arch/x86/boot/early_serial_console.o
  CC      arch/x86/boot/edd.o
  CC      arch/x86/boot/main.o
  LDS     arch/x86/boot/compressed/vmlinux.lds
  AS      arch/x86/boot/compressed/kernel_info.o
  AS      arch/x86/boot/compressed/head_64.o
  CC      arch/x86/boot/memory.o
  VOFFSET arch/x86/boot/compressed/../voffset.h
  CC      arch/x86/boot/compressed/string.o
  CC      arch/x86/boot/compressed/cmdline.o
  CC      arch/x86/boot/compressed/error.o
  OBJCOPY arch/x86/boot/compressed/vmlinux.bin
  CC      arch/x86/boot/pm.o
  HOSTCC  arch/x86/boot/compressed/mkpiggy
  AS      arch/x86/boot/pmjump.o
  CC      arch/x86/boot/printf.o
  CC      arch/x86/boot/compressed/cpuflags.o
  CC      arch/x86/boot/compressed/early_serial_console.o
  CC      arch/x86/boot/regs.o
  CC      arch/x86/boot/string.o
  CC      arch/x86/boot/tty.o
  CC      arch/x86/boot/video.o
  CC      arch/x86/boot/video-mode.o
  CC      arch/x86/boot/compressed/kaslr.o
  CC      arch/x86/boot/compressed/ident_map_64.o
  CC      arch/x86/boot/compressed/idt_64.o
  CC      arch/x86/boot/version.o
  AS      arch/x86/boot/compressed/idt_handlers_64.o
  CC      arch/x86/boot/video-vga.o
  AS      arch/x86/boot/compressed/mem_encrypt.o
  CC      arch/x86/boot/video-vesa.o
  CC      arch/x86/boot/compressed/pgtable_64.o
  CC      arch/x86/boot/compressed/sev.o
  CC      arch/x86/boot/video-bios.o
  CC      arch/x86/boot/compressed/acpi.o
  HOSTCC  arch/x86/boot/tools/build
  CC      arch/x86/boot/compressed/tdx.o
  CPUSTR  arch/x86/boot/cpustr.h
  AS      arch/x86/boot/compressed/tdcall.o
  CC      arch/x86/boot/compressed/tdx-shared.o
  CC      arch/x86/boot/compressed/mem.o
  CC      arch/x86/boot/compressed/efi.o
  AS      arch/x86/boot/compressed/efi_mixed.o
  CC      arch/x86/boot/compressed/misc.o
  ZSTD22  arch/x86/boot/compressed/vmlinux.bin.zst
  CC      arch/x86/boot/cpu.o
  MKPIGGY arch/x86/boot/compressed/piggy.S
  AS      arch/x86/boot/compressed/piggy.o
  LD      arch/x86/boot/compressed/vmlinux
  ZOFFSET arch/x86/boot/zoffset.h
  OBJCOPY arch/x86/boot/vmlinux.bin
  AS      arch/x86/boot/header.o
  LD      arch/x86/boot/setup.elf
  OBJCOPY arch/x86/boot/setup.bin
  BUILD   arch/x86/boot/bzImage
Kernel: arch/x86/boot/bzImage is ready  (#2)
